lat,lng,fips
32.45322,-86.72385,1001
30.86319,-87.73904,1003
31.85209,-85.42935,1005
32.91192,-87.26985,1007
33.90169,-86.51787,1009
32.1779,-85.93363,1011
31.86642,-86.85983,1013
33.65146,-85.8788,1015
32.75379,-85.18444,1017
34.24059,-85.60697,1019
32.80704,-86.67285,1021
32.10204,-88.25861,1023
31.78537,-87.64954,1025
33.16334,-86.15567,1027
33.78757,-85.46555,1029
31.60246,-85.6815,1031
34.73885,-88.01897,1033
31.47366,-86.94931,1035
33.08977,-86.06138,1037
31.49916,-86.38884,1039
31.58357,-86.29694,1041
34.29851,-86.63523,1043
31.25281,-85.73273,1045
32.47679,-87.05709,1047
34.30187,-86.03995,1049
32.48819,-86.31931,1051
31.14048,-87.07404,1053
34.04796,-85.92463,1055
33.71588,-87.67889,1057
34.35605,-87.95001,1059
31.17861,-85.79394,1061
32.75294,-88.01125,1063
32.85374,-87.73861,1065
31.60296,-85.2163,1067
31.14367,-85.40236,1069
34.9501,-85.75855,1071
33.59515,-87.00089,1073
33.95519,-88.01906,1075
34.95098,-87.24209,1077
34.64788,-87.30612,1079
32.69173,-85.3972,1081
34.76711,-87.08565,1083
31.99429,-86.56931,1085
32.24878,-85.74358,1087
34.72143,-86.48335,1089
32.42337,-87.9152,1091
34.22419,-87.75005,1093
34.32333,-86.50143,1095
30.94264,-88.01644,1097
31.75818,-87.1847,1099
32.29372,-85.98264,1101
34.60907,-87.01333,1103
32.69351,-87.28014,1105
33.07371,-88.19359,1107
31.88607,-85.72077,1109
33.46623,-85.35928,1111
32.2766,-84.99898,1113
33.60277,-86.49615,1115
33.21591,-86.79717,1117
32.79859,-88.30287,1119
33.35989,-86.26918,1121
32.91644,-85.9368,1123
33.28425,-87.09455,1125
33.81953,-87.00754,1127
31.1718,-88.00338,1129
31.88219,-87.4598,1131
34.23388,-87.18817,1133
54.12863,-165.80591,2013
51.84287,-176.63139,2016
61.22034,-149.85703,2020
60.90924,-161.42028,2050
58.98854,-155.56022,2060
64.29661,-149.16065,2068
59.26833,-158.62828,2070
67.16977,-149.56917,2090
59.12421,-135.70688,2100
57.43987,-134.19674,2105
58.39768,-134.05518,2110
59.86781,-151.49527,2122
55.56908,-131.01272,2130
57.90188,-153.02841,2150
56.24475,-158.75781,2164
61.6303,-148.98707,2170
63.4738,-162.12295,2180
70.1385,-149.95982,2185
65.97593,-161.13864,2188
56.77902,-134.16028,2195
55.94573,-132.74167,2198
56.96056,-135.05446,2220
59.56292,-135.33619,2230
64.02799,-144.63394,2240
61.28097,-142.78996,2261
62.69434,-164.64753,2270
55.82123,-132.05943,2275
59.52058,-139.48834,2282
62.63815,-160.21788,2290
33.86056,-109.17681,4001
32.17426,-110.37704,4003
34.45127,-110.86441,4005
33.00418,-110.786,4007
33.10616,-110.23729,4009
33.32098,-109.38563,4011
33.99878,-113.90159,4012
33.45076,-112.07836,4013
34.70927,-113.56826,4015
34.29984,-109.99991,4017
32.22944,-112.65434,4019
33.3534,-111.35045,4021
31.66144,-110.51203,4023
34.11917,-112.04425,4025
33.02342,-113.28109,4027
34.38592,-91.3978,5001
33.13014,-92.00055,5003
36.45017,-92.23374,5005
36.35041,-94.25426,5007
36.23725,-93.09178,5009
33.58006,-92.26493,5011
33.63755,-92.72031,5013
36.25034,-93.3303,5015
33.5193,-91.48056,5017
33.88688,-93.11776,5019
36.41929,-90.54196,5021
35.67213,-92.1713,5023
33.93068,-92.33571,5025
33.08114,-93.16366,5027
35.37104,-92.57652,5029
35.87894,-90.66057,5031
35.47552,-94.19437,5033
35.1448,-90.18805,5035
35.38816,-90.78199,5037
34.04513,-92.55299,5039
33.62346,-91.20873,5041
33.63088,-91.7465,5043
35.07331,-92.36154,5045
35.44217,-93.72353,5047
36.27636,-92.05641,5049
34.52697,-92.97158,5051
34.14421,-92.31452,5053
36.12416,-90.69436,5055
33.64419,-93.59448,5057
34.24924,-93.39337,5059
34.14469,-94.04102,5061
35.57546,-91.45792,5063
36.22049,-91.7465,5065
35.54,-91.07153,5067
34.17717,-91.90319,5069
35.51384,-93.51169,5071
33.09207,-93.72343,5073
35.93353,-91.09786,5075
34.72386,-90.89146,5077
34.01741,-91.57343,5079
33.79444,-94.26819,5081
35.12286,-93.70927,5083
35.00246,-91.98193,5085
35.82736,-93.78939,5087
36.37882,-92.58506,5089
33.11619,-93.95382,5091
35.90486,-89.90133,5093
34.84674,-91.22427,5095
34.39144,-93.7639,5097
33.7154,-93.15366,5099
36.06169,-93.37471,5101
33.58632,-92.81988,5103
35.06646,-92.87931,5105
34.05413,-91.02035,5107
34.02446,-93.41941,5109
35.61566,-90.31656,5111
34.39982,-94.3894,5113
35.73421,-92.82794,5115
34.89726,-91.41028,5117
34.95755,-92.0565,5119
36.30007,-90.82186,5121
35.06487,-90.82211,5123
34.66296,-92.52895,5125
34.84201,-93.77212,5127
36.13546,-92.87199,5129
35.3664,-94.41576,5131
33.8235,-94.1255,5133
36.27499,-91.36557,5135
35.7885,-92.30834,5137
33.32732,-92.53611,5139
35.45672,-92.36836,5141
35.98467,-94.08077,5143
35.32021,-91.53608,5145
35.2454,-91.35116,5147
35.13524,-93.4137,5149
37.77516,-122.2748,6001
38.69153,-120.06182,6003
38.42593,-120.82498,6005
39.41,-121.36326,6007
38.06467,-120.62048,6009
39.01641,-122.06187,6011
37.86762,-121.58632,6013
41.79625,-124.00515,6015
38.88376,-120.98287,6017
36.19943,-120.42308,6019
39.46072,-121.93702,6021
40.79809,-124.15097,6023
32.78583,-114.54552,6025
36.529,-116.87036,6027
35.11188,-118.83076,6029
36.31336,-119.70856,6031
38.9763,-122.62313,6033
41.06347,-121.04102,6035
33.97397,-118.24953,6037
37.39375,-119.74444,6039
37.98,-122.50282,6041
37.49377,-119.64269,6043
39.20802,-123.68669,6045
37.02488,-120.62882,6047
41.17426,-120.85292,6049
37.89261,-118.56462,6051
35.84641,-120.94132,6053
38.18419,-122.26294,6055
39.19509,-120.977,6057
33.84611,-118.01169,6059
38.99059,-121.11038,6061
39.97548,-121.20865,6063
33.99574,-117.53399,6065
38.62585,-121.32828,6067
36.89992,-121.35126,6069
34.13762,-117.59998,6071
32.8064,-116.71229,6073
37.7797,-122.41924,6075
37.95945,-121.28753,6077
35.24175,-120.61711,6079
37.5135,-122.29905,6081
34.44012,-119.49415,6083
37.35753,-122.14445,6085
37.01015,-121.87763,6087
40.59649,-122.46005,6089
39.47444,-120.82258,6091
41.45328,-123.46342,6093
38.09407,-122.13216,6095
38.34186,-122.94952,6097
37.55434,-120.95139,6099
38.83995,-121.57133,6101
39.92647,-122.26526,6103
40.85342,-123.43175,6105
35.8588,-119.48757,6107
37.80468,-120.27191,6109
34.17598,-118.94504,6111
38.59294,-121.53916,6113
39.04589,-121.40381,6115
39.78515,-104.70191,8001
37.48369,-105.83006,8003
39.73881,-104.86247,8005
37.10981,-107.43912,8007
37.08496,-102.48255,8009
38.07927,-103.14042,8011
39.94508,-105.29063,8013
39.9318,-105.07453,8014
38.56049,-106.0648,8015
38.84222,-102.17356,8017
39.78752,-105.64739,8019
37.16423,-106.27832,8021
37.3986,-105.56977,8023
38.19488,-103.86133,8025
38.10886,-105.42017,8027
38.80136,-107.96764,8029
39.75193,-104.99776,8031
37.72182,-108.73343,8033
39.30196,-104.81809,8035
39.89447,-106.59509,8037
39.39269,-104.02855,8039
39.17264,-104.52902,8041
38.53864,-105.38622,8043
39.58391,-107.31363,8045
39.86909,-105.53235,8047
39.9348,-105.88145,8049
38.82131,-106.63113,8051
38.01367,-107.29516,8053
37.78545,-105.2308,8055
40.85615,-106.29422,8057
39.79503,-105.10587,8059
38.37716,-103.37276,8061
39.31229,-102.44174,8063
39.23391,-106.31467,8065
37.33995,-107.47866,8067
40.34002,-105.57227,8069
37.53092,-104.5232,8071
39.35189,-103.26141,8073
40.5082,-103.27495,8075
39.07211,-108.54761,8077
37.70747,-107.01535,8079
40.30272,-108.7695,8081
37.31839,-108.76218,8083
38.48717,-107.75847,8085
40.37925,-104.17672,8087
38.10256,-103.51927,8089
38.02011,-107.63167,8091
39.31679,-106.10381,8093
40.68965,-102.15394,8095
39.15161,-106.77138,8097
37.87498,-102.38287,8099
38.29455,-104.53374,8101
40.08042,-107.76296,8103
37.70748,-106.42884,8105
40.86099,-106.96085,8107
37.81704,-106.06909,8109
37.78202,-107.63083,8111
37.91688,-108.72802,8113
40.87969,-102.18504,8115
39.47099,-106.0169,8117
38.76765,-105.0998,8119
40.08208,-103.21276,8121
40.06592,-104.95832,8123
40.06044,-102.5039,8125
41.33787,-73.22506,9001
41.79071,-72.85384,9003
42.02647,-73.30873,9005
41.35129,-72.42018,9007
41.34424,-73.0689,9009
41.63128,-72.2402,9011
41.91503,-72.44947,9013
41.70839,-72.20726,9015
39.17173,-75.47694,10001
39.58435,-75.69939,10003
38.55096,-75.06487,10005
38.91084,-77.0178,11001
29.64886,-82.325,12001
30.24347,-82.23885,12003
30.15978,-85.6608,12005
30.05408,-82.18154,12007
28.68916,-80.9262,12009
26.0579,-80.13852,12011
30.52989,-85.18206,12013
26.84776,-82.27296,12015
28.96087,-82.63392,12017
30.09813,-81.71255,12019
26.04632,-81.76799,12021
30.08055,-82.7264,12023
27.19002,-81.82628,12027
29.63724,-83.20313,12029
30.32503,-81.64802,12031
30.42846,-87.22236,12033
29.42168,-81.33934,12035
29.73685,-85.0901,12037
30.6525,-84.79152,12039
29.76169,-82.86262,12041
26.88424,-81.19281,12043
29.80706,-85.30262,12045
30.47855,-82.93597,12047
27.60297,-81.9923,12049
26.5438,-81.03643,12051
28.59027,-82.36481,12053
27.62429,-81.46502,12055
27.76516,-82.27648,12057
30.85518,-85.72082,12059
27.88942,-80.73347,12061
30.63285,-85.38483,12063
30.2537,-83.85901,12065
30.03678,-83.23398,12067
29.1468,-81.56166,12069
26.62116,-81.87865,12071
30.42562,-84.2582,12073
29.42526,-82.62331,12075
30.26044,-84.98132,12077
30.38386,-83.2711,12079
27.40285,-82.46783,12081
29.39954,-82.08146,12083
27.05573,-80.1648,12085
25.833,-80.27867,12086
24.82041,-80.80992,12087
30.41969,-81.97306,12089
30.87684,-86.69098,12091
27.50653,-80.92711,12093
28.67069,-81.553,12095
28.2774,-81.50688,12097
26.71649,-80.06779,12099
28.42469,-82.21841,12101
27.77041,-82.6357,12103
28.04081,-81.89624,12105
29.42719,-81.55792,12107
29.78899,-81.44175,12109
27.43798,-80.55733,12111
30.59823,-87.03037,12113
26.98035,-82.35198,12115
28.66534,-81.36943,12117
28.91697,-81.99285,12119
29.91651,-82.91313,12121
30.16687,-83.616,12123
30.02746,-82.39275,12125
29.19395,-81.05146,12127
30.18668,-84.30565,12129
30.84939,-86.20229,12131
30.71225,-85.80153,12133
31.77744,-82.34739,13001
31.29847,-82.72141,13003
31.54581,-82.44053,13005
31.32075,-84.40795,13007
33.07615,-83.24656,13009
34.45741,-83.476,13011
34.02235,-83.83769,13013
34.36662,-84.9207,13015
31.73354,-83.2161,13017
31.37959,-83.2057,13019
32.77312,-83.84471,13021
32.41366,-83.34473,13023
31.14309,-82.1207,13025
30.9931,-83.52844,13027
32.17485,-81.48045,13029
32.32628,-81.60192,13031
33.03567,-81.64693,13033
33.237,-83.88475,13035
31.41755,-84.68099,13037
30.7906,-81.56068,13039
32.40568,-82.07645,13043
33.53232,-85.2632,13045
34.97625,-85.13959,13047
30.8931,-82.00973,13049
32.10966,-81.25389,13051
32.26849,-84.745,13053
34.35946,-85.42125,13055
34.10611,-84.64344,13057
34.00087,-83.34851,13059
31.5042,-84.90874,13061
33.52245,-84.32424,13063
31.07442,-82.64407,13065
33.8963,-84.58925,13067
31.54332,-83.01451,13069
31.29233,-83.44112,13071
33.60173,-82.31813,13073
31.11841,-83.43765,13075
33.22504,-84.82431,13077
32.73728,-83.94247,13079
31.93552,-83.7753,13081
34.79667,-85.47852,13083
34.43888,-84.15074,13085
30.73969,-84.49256,13087
33.77368,-84.26051,13089
32.12693,-83.06218,13091
32.18896,-83.93314,13093
31.55299,-84.15824,13095
33.76297,-84.63819,13097
31.3321,-84.94157,13099
30.7065,-83.01903,13101
32.12246,-81.34075,13103
34.1872,-83.04685,13105
32.60047,-82.35203,13107
32.17323,-81.92019,13109
34.82426,-84.31999,13111
33.26848,-84.46663,13113
34.47186,-85.16108,13115
34.28964,-84.17949,13117
34.33701,-83.08673,13119
34.14329,-84.29947,13121
34.78333,-84.33478,13123
33.23621,-82.58915,13125
31.18068,-81.4948,13127
34.49658,-84.95569,13129
30.95275,-84.20686,13131
33.55441,-83.19344,13133
33.89012,-83.96318,13135
34.44177,-83.58278,13137
34.31853,-83.81617,13139
33.26371,-83.00242,13141
33.742,-85.13333,13143
32.66248,-84.88516,13145
34.37561,-83.03706,13147
33.28598,-85.1303,13149
33.4045,-84.30545,13151
32.54443,-83.59737,13153
31.55876,-83.27379,13155
34.21824,-83.48022,13157
33.14208,-83.64039,13159
31.72255,-82.75262,13161
32.88984,-82.51377,13163
32.8018,-81.98903,13165
32.68759,-82.52366,13167
33.01268,-83.56909,13169
33.05731,-84.12512,13171
31.10395,-83.05415,13173
32.43607,-82.73373,13175
31.74224,-84.14212,13177
31.75285,-81.6085,13179
33.77381,-82.43595,13181
31.71718,-81.72853,13183
30.75159,-83.34207,13185
34.5641,-84.01541,13187
33.38342,-82.39349,13189
31.50906,-81.35236,13191
32.37132,-84.17653,13193
34.02972,-83.21264,13195
32.49214,-84.41612,13197
33.12743,-84.58358,13199
31.15273,-84.67304,13201
31.36466,-84.11835,13205
33.29191,-83.96942,13207
32.18824,-82.51751,13209
33.48969,-83.74235,13211
34.75018,-84.74898,13213
32.57942,-84.82601,13215
33.5783,-83.82048,13217
33.80441,-83.48399,13219
33.85751,-83.24105,13221
33.98839,-84.85866,13223
32.65603,-83.78254,13225
34.45879,-84.43321,13227
31.30995,-82.25524,13229
33.09433,-84.46048,13231
34.08457,-85.0615,13233
32.2725,-83.50385,13235
33.32052,-83.37448,13237
31.86404,-85.03994,13239
34.9087,-83.37164,13241
31.6658,-84.87329,13243
33.27681,-82.18506,13245
33.71884,-83.99866,13247
32.26545,-84.30895,13249
32.56753,-81.46859,13251
30.95154,-84.8944,13253
33.2863,-84.27969,13255
34.50408,-83.26612,13257
32.19694,-84.85513,13259
32.06394,-84.13411,13261
32.56852,-84.54079,13263
33.5678,-82.87594,13265
32.28838,-82.15678,13267
32.58493,-84.25478,13269
31.98878,-82.89112,13271
31.81995,-84.33814,13273
30.77558,-83.80106,13275
31.5918,-83.48964,13277
32.1519,-82.28906,13279
34.9088,-83.70728,13281
32.40041,-82.5676,13283
33.16419,-84.92217,13285
31.71542,-83.68522,13287
32.61856,-83.23188,13289
34.85602,-83.97095,13291
32.98852,-84.24909,13293
34.77637,-85.36038,13295
33.65591,-83.69573,13297
31.22438,-82.35061,13299
33.45672,-82.6482,13301
33.22054,-82.71108,13303
31.65233,-81.94184,13305
32.05418,-84.52713,13307
32.12818,-82.79818,13309
34.61549,-83.79492,13311
34.95059,-84.91746,13313
31.97547,-83.34065,13315
33.78562,-82.95044,13317
32.60626,-83.21248,13319
31.72508,-83.95683,13321
19.32065,-155.81007,15001
21.39683,-157.89772,15003
21.17087,-156.94743,15005
22.15147,-159.35018,15007
20.85231,-156.2229,15009
43.77416,-116.39257,16001
44.91441,-116.56458,16003
42.88941,-112.38465,16005
42.36305,-111.3908,16007
47.1136,-116.91012,16009
43.04244,-112.49594,16011
43.35826,-114.25221,16013
44.07218,-116.11469,16015
48.03617,-116.97368,16017
43.09836,-111.28729,16019
48.84391,-116.49055,16021
43.55471,-113.30089,16023
43.35576,-114.97494,16025
43.66239,-116.65642,16027
42.77531,-111.93732,16029
42.38959,-113.55677,16031
44.30001,-112.27027,16033
46.53944,-116.32337,16035
44.66892,-114.36489,16037
43.08033,-115.39115,16039
42.19562,-112.04029,16041
44.07283,-111.35131,16043
43.92995,-116.50567,16045
42.97654,-114.93934,16047
45.92288,-116.50574,16049
43.91648,-112.24279,16051
42.58781,-114.24208,16053
47.93827,-116.65887,16055
46.53773,-116.72262,16057
44.31889,-113.69032,16059
46.24473,-116.4521,16061
42.87833,-114.26602,16063
43.81596,-111.82301,16065
42.56346,-113.81928,16067
46.20696,-116.89629,16069
42.24143,-112.6653,16071
42.50827,-115.8056,16073
43.96729,-116.91219,16075
42.7067,-113.01384,16077
47.08007,-115.52848,16079
43.73314,-111.23113,16081
42.3932,-114.52218,16083
44.71396,-115.39592,16085
44.67502,-116.77269,16087
39.93159,-91.3866,17001
37.06547,-89.22248,17003
38.98249,-89.581,17005
42.24513,-88.8407,17007
39.97252,-90.75829,17009
41.43573,-89.23293,17011
39.05586,-90.66658,17013
41.97472,-89.8845,17015
39.88561,-90.39943,17017
40.38217,-88.10288,17019
39.35447,-89.20145,17021
39.46168,-87.57963,17023
38.84322,-88.3252,17025
38.50942,-89.60739,17027
39.52727,-88.03502,17029
42.11201,-87.97917,17031
39.13963,-87.83882,17033
39.29042,-88.00198,17035
42.00818,-88.82811,17037
40.14248,-88.96085,17039
39.67439,-88.29901,17041
41.93065,-88.01184,17043
39.7142,-87.89771,17045
38.53402,-88.00926,17047
39.11953,-88.56417,17049
39.1266,-89.21604,17051
40.98745,-88.23833,17053
37.99769,-88.91698,17055
40.6571,-90.42913,17057
37.91634,-88.10767,17059
39.29411,-90.41699,17061
41.23056,-88.26933,17063
37.95349,-88.47808,17065
40.57884,-90.98165,17067
37.52073,-88.14891,17069
40.85029,-90.86116,17071
41.42078,-89.91831,17073
40.87804,-87.98023,17075
37.73828,-89.20843,17077
39.13551,-88.13981,17079
38.20311,-88.74559,17081
39.00378,-90.33165,17083
42.46094,-90.12455,17085
37.47662,-89.03917,17087
42.04982,-88.54598,17089
41.11084,-87.89814,17091
41.70162,-88.43968,17093
40.94467,-90.38468,17095
42.46973,-88.08716,17097
41.16897,-88.64107,17099
38.70667,-87.76565,17101
41.79491,-88.96062,17103
41.08772,-88.41721,17105
40.26082,-89.26682,17107
40.40015,-90.50515,17109
42.27204,-88.31267,17111
40.47675,-88.99306,17113
40.03121,-88.97344,17115
39.09111,-89.79838,17117
38.87851,-89.74853,17119
38.51277,-89.14168,17121
40.98409,-89.15506,17123
40.33949,-89.81878,17125
37.30845,-88.8658,17127
39.99171,-89.66842,17129
41.20973,-90.72473,17131
38.43645,-90.21655,17133
39.22171,-89.54339,17135
39.74871,-90.04087,17137
39.63542,-88.76476,17139
41.93221,-88.96583,17141
40.94578,-89.93875,17143
38.03912,-89.53264,17145
39.91159,-88.55958,17147
39.70914,-91.02783,17149
37.48287,-88.57914,17151
37.24447,-88.98071,17153
41.25385,-89.22434,17155
38.17349,-89.84446,17157
38.62003,-87.98542,17159
41.4778,-90.57675,17161
38.65652,-90.16503,17163
37.69809,-88.64884,17165
39.85842,-89.37649,17167
40.2362,-90.66065,17169
39.55883,-90.43489,17171
39.4396,-88.61111,17173
41.18016,-89.64997,17175
42.37449,-89.63715,17177
40.41446,-89.66606,17179
37.57397,-89.36521,17181
40.46333,-87.80563,17183
38.53253,-87.72653,17185
41.06972,-90.57878,17187
38.37808,-89.61173,17189
38.49745,-88.2179,17191
38.24345,-88.23472,17193
41.78938,-89.76032,17195
41.34396,-87.61374,17197
37.85938,-89.00024,17199
42.19809,-88.94722,17201
40.85811,-89.13522,17203
40.66372,-84.92552,18001
41.10391,-85.29244,18003
39.15769,-85.99067,18005
40.46688,-87.47347,18007
40.3961,-85.20756,18009
40.04483,-86.45988,18011
39.35229,-86.27077,18013
40.50298,-86.50356,18015
40.59751,-86.25756,18017
38.53994,-85.42094,18019
39.52584,-87.12124,18021
40.19001,-86.67809,18023
38.32498,-86.61754,18025
38.6624,-87.1724,18027
39.06666,-84.96833,18029
39.32318,-85.47993,18031
41.51828,-85.06304,18033
40.12999,-85.37673,18035
38.48988,-86.64364,18037
41.72057,-85.81751,18039
39.59155,-85.29962,18041
38.36637,-85.88384,18043
40.30478,-87.20377,18045
39.50068,-84.84149,18047
41.22006,-86.42695,18049
38.17985,-87.57497,18051
40.40805,-85.68643,18053
39.02176,-86.87337,18055
40.17212,-86.00739,18057
39.88557,-85.90443,18059
38.0989,-86.18526,18061
39.68834,-86.61357,18063
39.80882,-85.5129,18065
40.5253,-86.15659,18067
40.82812,-85.61611,18069
38.87743,-86.05036,18071
41.18408,-87.23178,18073
40.54565,-84.9661,18075
38.59461,-85.54723,18077
39.04911,-85.47891,18079
39.51304,-86.20537,18081
38.78317,-87.3178,18083
41.25938,-85.97627,18085
41.69266,-85.58044,18087
41.37127,-87.47637,18089
41.38418,-86.76905,18091
38.91316,-86.54891,18093
40.25053,-85.6588,18095
39.71638,-86.09143,18097
41.22608,-86.24792,18099
38.88884,-86.83635,18101
40.62983,-85.94546,18103
39.08592,-86.45156,18105
39.98365,-87.05543,18107
39.5385,-86.36998,18109
41.10781,-87.42182,18111
41.36059,-85.42993,18113
38.9301,-84.93658,18115
38.64141,-86.42254,18117
39.2393,-87.01498,18119
39.8779,-87.25424,18121
38.29755,-86.48768,18123
38.48247,-87.09414,18125
41.68404,-86.98106,18127
38.19303,-87.69924,18129
41.15694,-86.52922,18131
39.76418,-86.81056,18133
40.18107,-85.1323,18135
39.29201,-85.21583,18137
39.66102,-85.5954,18139
41.73988,-86.1274,18141
38.75868,-85.79088,18143
39.56337,-85.91627,18145
38.17218,-87.02768,18147
41.21533,-86.76793,18149
41.65272,-85.00797,18151
38.95546,-87.3779,18153
38.87546,-85.07525,18155
40.41785,-86.88995,18157
40.28882,-86.14992,18159
39.55804,-84.84396,18161
37.97444,-87.57379,18163
39.67855,-87.4636,18165
39.35111,-87.40744,18167
40.68729,-85.69768,18169
40.1292,-87.40884,18171
38.05209,-87.2553,18173
38.64149,-86.25874,18175
39.74119,-84.85172,18177
40.71846,-85.17147,18179
40.61137,-86.93134,18181
41.23982,-85.32565,18183
41.51429,-94.64688,19001
41.04966,-94.82401,19003
43.44339,-91.53665,19005
40.71759,-92.91073,19007
41.75792,-94.92349,19009
41.99159,-91.88547,19011
42.53311,-92.48894,19013
42.08721,-93.8566,19015
42.67305,-92.3352,19017
42.61067,-91.74982,19019
42.76092,-94.98484,19021
42.74109,-92.80312,19023
42.27662,-94.4296,19025
41.85605,-94.6903,19027
41.43239,-94.74808,19029
41.88695,-91.04232,19031
43.15371,-93.20016,19033
42.72153,-95.4249,19035
43.18771,-92.45952,19037
41.03768,-93.96153,19039
42.93568,-95.36129,19041
42.68119,-91.36803,19043
41.96713,-90.62862,19045
42.0847,-95.5849,19047
41.61057,-94.04272,19049
40.73628,-92.41218,19051
40.60809,-93.78625,19053
42.45201,-91.60917,19055
40.855,-91.11202,19057
43.36379,-95.12808,19059
42.54498,-90.6938,19061
43.41604,-94.47187,19063
42.74733,-91.68391,19065
43.15802,-92.76702,19067
42.63844,-93.24804,19069
40.71985,-95.47491,19071
42.16158,-94.50665,19073
42.22993,-92.80985,19075
41.85852,-94.44962,19077
42.52381,-93.64747,19079
43.10928,-93.81267,19081
42.51425,-93.39912,19083
41.86033,-95.62574,19085
40.80227,-91.70708,19087
43.26719,-92.39069,19089
42.90172,-94.26289,19091
42.31588,-95.61561,19093
41.81228,-91.88649,19095
42.15332,-90.59182,19097
41.81523,-93.14755,19099
41.01762,-92.15249,19101
41.57221,-91.532,19103
42.11851,-91.28539,19105
41.48679,-92.38669,19107
43.37865,-94.08844,19109
40.52517,-91.56519,19111
42.15779,-91.63779,19113
41.09971,-91.28487,19115
41.03565,-93.30102,19117
43.36033,-96.32367,19119
41.36303,-93.79289,19121
41.47496,-92.47319,19123
41.20301,-92.88238,19125
42.12926,-93.0263,19127
41.03613,-95.38042,19129
43.41563,-93.01726,19131
42.08962,-95.90927,19133
41.12767,-92.96932,19135
41.14112,-94.98165,19137
41.59255,-91.16601,19139
42.94431,-95.55152,19141
43.30166,-95.81755,19143
40.9737,-94.98219,19145
43.02086,-94.87102,19147
42.83312,-96.52234,19149
42.59651,-94.84199,19151
41.80683,-93.60199,19153
41.22798,-95.87857,19155
41.7313,-92.71481,19157
40.85679,-94.07581,19159
42.45255,-95.16234,19161
41.56601,-90.46662,19163
41.77515,-95.19195,19165
42.98504,-95.98665,19167
42.03362,-93.58827,19169
41.97297,-92.71421,19171
40.6704,-94.7007,19173
41.15115,-94.08069,19175
40.86516,-91.96052,19177
41.03574,-92.43151,19179
41.36151,-93.4326,19181
41.33233,-91.54614,19183
40.68072,-93.38472,19185
42.49287,-94.19257,19187
43.39441,-93.93381,19189
43.35368,-91.76474,19191
42.3761,-95.91472,19193
43.25906,-93.45355,19195
42.64944,-93.50305,19197
37.80029,-95.19283,20001
38.07403,-95.40977,20003
39.5402,-95.13889,20005
37.06475,-98.77815,20007
38.4325,-99.04725,20009
37.82353,-94.76156,20011
39.6811,-95.39732,20013
38.02465,-96.64486,20015
38.06791,-96.87031,20017
37.11328,-96.48699,20019
37.03315,-94.78589,20021
39.76268,-101.53621,20023
37.18654,-99.79219,20025
39.33189,-97.18704,20027
39.55446,-97.6458,20029
38.21417,-95.75079,20031
37.17084,-99.27479,20033
37.0651,-96.99179,20035
37.63589,-94.69538,20037
39.59485,-100.4393,20039
38.9558,-97.22134,20041
39.71221,-95.17244,20043
38.79591,-95.23833,20045
37.93037,-99.09108,20047
37.37753,-96.20238,20049
38.8776,-99.34833,20051
38.75449,-98.21984,20053
38.03484,-100.76704,20055
37.72528,-100.05496,20057
38.43466,-95.08283,20059
38.98511,-96.8031,20061
38.8461,-100.47039,20063
39.38519,-99.68379,20065
37.58509,-101.31456,20067
37.97105,-100.32684,20069
38.48065,-101.80605,20071
38.00135,-96.22156,20073
38.02158,-102.00699,20075
37.10384,-98.07254,20077
38.00552,-97.66872,20079
37.52222,-101.00144,20081
38.14905,-99.71482,20083
39.52806,-95.86137,20085
39.2037,-95.19606,20087
39.91883,-98.30664,20089
38.96627,-94.9678,20091
38.0779,-101.13399,20093
37.64861,-98.39197,20095
37.57556,-99.31557,20097
37.16143,-95.31529,20099
38.47189,-100.43142,20101
39.15518,-94.94117,20103
39.17111,-98.04253,20105
38.09535,-94.98614,20107
39.04206,-101.06507,20109
38.41305,-96.21801,20111
38.19553,-97.53975,20113
38.22847,-96.9203,20115
39.89652,-96.27739,20117
37.38549,-100.19477,20119
38.72831,-94.68882,20121
39.39875,-98.08543,20123
37.20891,-95.7534,20125
38.55856,-96.79296,20127
37.04802,-101.86802,20129
39.87969,-96.17713,20131
37.64838,-95.4598,20133
38.62469,-100.06846,20135
39.89471,-99.72988,20137
38.77455,-95.88178,20139
39.5112,-98.55543,20141
39.02357,-97.58752,20143
38.1975,-99.5493,20145
39.82467,-99.1256,20147
39.23004,-96.19408,20149
37.7785,-98.91531,20151
39.80575,-101.10589,20153
37.98308,-97.92969,20155
39.70368,-97.48045,20157
38.49617,-98.39755,20159
39.09331,-96.78978,20161
39.3398,-99.58165,20163
38.44699,-99.54501,20165
38.88536,-98.70928,20167
38.834,-97.64583,20169
38.51753,-100.90555,20171
37.75974,-97.62979,20173
37.23914,-100.77919,20175
38.91899,-95.84633,20177
39.37702,-100.3587,20179
39.31956,-101.51275,20181
39.77806,-98.92957,20183
38.16404,-98.61994,20185
37.55294,-101.68846,20187
37.16224,-101.35249,20189
37.28137,-97.75403,20191
39.39603,-101.05959,20193
39.00388,-100.08621,20195
38.97012,-96.31049,20197
38.8842,-101.76406,20199
39.67382,-96.8666,20201
38.47222,-101.38518,20203
37.55595,-95.63298,20205
38.01363,-95.59373,20207
39.06719,-94.92262,20209
37.18414,-85.01405,21001
36.67111,-86.26973,21003
38.00322,-84.98494,21005
37.1459,-88.94554,21007
36.82162,-85.98925,21009
38.05909,-83.67994,21011
36.72772,-83.59301,21013
39.00803,-84.76746,21015
38.28738,-84.13209,21017
38.47219,-82.64599,21019
37.63785,-84.80074,21021
38.73062,-83.98266,21023
37.44763,-83.18914,21025
37.77311,-86.62818,21027
38.03973,-85.55479,21029
37.21978,-86.669,21031
37.20307,-88.01808,21033
36.69232,-88.29298,21035
38.91491,-84.40265,21037
36.80481,-89.02655,21039
38.66355,-85.16782,21041
38.2633,-82.82466,21043
37.22715,-84.77861,21045
36.997,-87.66706,21047
37.96943,-84.14517,21049
36.94428,-83.54395,21051
36.73159,-85.13322,21053
37.17273,-88.18779,21055
36.78188,-85.37894,21057
37.74038,-87.24615,21059
37.0791,-86.13414,21061
38.06423,-83.03927,21063
37.68573,-83.98617,21065
38.01387,-84.48207,21067
38.41149,-83.88074,21069
37.72902,-82.81382,21071
38.23397,-84.88086,21073
36.54755,-88.87481,21075
38.71963,-84.80179,21077
37.6792,-84.58843,21079
38.49774,-84.60526,21081
36.91632,-88.62852,21083
37.60333,-86.54856,21085
37.22893,-85.53082,21087
38.44573,-82.83392,21089
37.83487,-86.76309,21091
37.92933,-85.94141,21093
36.86063,-83.24815,21095
38.5322,-84.39037,21097
37.38322,-85.88311,21099
37.76318,-87.73173,21101
38.46211,-84.99972,21103
36.68755,-88.99122,21105
37.18064,-87.6943,21107
37.29612,-83.97342,21109
38.16493,-85.428,21111
37.94189,-84.6443,21113
37.81987,-82.68461,21115
39.06801,-84.52953,21117
37.46001,-82.8326,21119
36.92815,-83.96908,21121
37.47646,-85.60846,21123
37.24779,-84.13499,21125
38.02977,-82.85102,21127
37.58224,-83.71104,21129
37.00448,-83.29737,21131
37.05391,-82.78092,21133
38.35627,-83.28767,21135
37.4506,-84.49302,21137
37.23925,-88.3379,21139
36.68736,-86.86039,21141
37.04145,-88.02229,21143
37.03761,-88.71092,21145
36.73975,-84.48041,21147
37.61375,-87.39541,21149
37.73668,-84.13247,21151
37.66765,-82.97331,21153
37.47085,-85.10719,21155
36.85642,-88.33455,21157
37.83807,-82.44517,21159
38.70961,-83.8954,21161
38.09163,-86.34151,21163
37.93129,-83.52922,21165
37.75026,-84.76584,21167
36.87052,-85.64393,21169
36.72481,-85.95754,21171
38.01464,-83.76565,21173
37.82357,-83.33355,21175
37.17156,-87.05599,21177
37.80452,-85.46497,21179
38.32373,-84.02449,21181
37.35244,-86.8709,21183
38.37351,-85.45073,21185
38.48922,-84.81944,21187
37.42587,-83.64039,21189
38.78297,-84.3444,21191
37.41673,-83.22555,21193
37.51609,-82.51725,21195
37.85236,-83.9309,21197
37.06174,-84.44978,21199
38.51063,-84.05973,21201
37.37758,-84.43295,21203
38.13046,-83.42092,21205
36.92484,-85.1168,21207
38.24674,-84.55326,21209
38.26917,-85.04703,21211
36.72444,-86.56599,21213
38.02262,-85.17421,21215
37.38734,-85.37359,21217
36.69581,-87.07358,21219
36.82147,-87.83898,21221
38.59161,-85.32669,21223
37.66397,-87.93653,21225
37.06376,-86.47617,21227
37.77058,-85.05538,21229
36.79286,-84.83042,21231
37.47708,-87.83305,21233
36.91957,-84.16357,21235
37.71939,-83.5006,21237
38.15843,-84.7156,21239
30.36575,-92.30371,22001
30.70431,-92.96708,22003
30.12207,-91.02757,22005
29.92366,-91.18158,22007
30.86405,-92.14655,22009
30.79389,-93.23974,22011
32.59461,-92.89717,22013
32.72761,-93.63354,22015
32.7484,-93.8631,22017
30.22625,-93.2158,22019
32.14299,-92.05546,22021
29.86632,-93.55142,22023
31.76918,-91.81069,22025
32.62862,-93.02968,22027
31.26253,-91.75986,22029
32.2452,-93.67305,22031
30.58649,-91.12769,22033
32.79694,-91.25569,22035
30.84251,-90.93157,22037
30.45212,-92.56949,22039
32.323,-91.6843,22041
31.51593,-92.486,22043
29.90355,-91.90287,22045
30.2182,-91.08694,22047
32.25266,-92.44554,22049
29.98372,-90.16727,22051
30.46656,-92.69758,22053
30.23973,-91.99044,22055
29.81411,-90.74082,22057
31.60484,-92.13804,22059
32.53465,-92.48036,22061
30.25594,-90.66905,22063
32.32515,-90.93206,22065
32.86485,-91.9114,22067
32.00821,-92.90585,22069
29.95705,-90.07686,22071
32.53294,-92.10525,22073
29.74822,-90.0082,22075
30.75798,-91.67791,22077
31.27427,-92.46874,22079
32.0481,-93.31013,22081
32.39523,-91.47351,22083
31.80769,-93.50564,22085
29.95809,-89.99784,22087
29.81729,-90.43232,22089
30.85865,-90.75279,22091
30.08231,-90.69939,22093
30.0289,-90.57038,22095
30.41407,-91.92303,22097
30.29484,-91.82955,22099
29.66974,-91.1043,22101
30.4872,-89.96749,22103
30.52828,-90.45674,22105
32.11104,-91.29854,22107
29.54813,-90.55716,22109
32.82676,-92.65791,22111
29.89813,-92.19967,22113
30.98475,-93.49102,22115
30.93355,-89.85846,22117
32.82254,-93.42629,22119
30.35311,-91.25939,22121
32.59251,-91.49192,22123
30.96944,-91.59641,22125
31.74824,-92.74907,22127
44.0849,-70.24922,23001
45.89108,-67.84714,23003
43.73158,-69.98824,23005
44.62372,-70.19192,23007
44.99136,-68.23069,23009
44.22837,-70.00856,23011
43.99388,-69.32779,23013
44.07942,-69.73938,23015
43.93305,-70.91671,23017
44.84923,-68.84479,23019
45.23452,-69.56992,23021
44.03708,-69.86211,23023
45.86407,-69.87681,23025
44.39603,-69.42707,23027
45.55075,-67.7436,23029
43.30056,-70.84329,23031
39.64405,-78.75494,24001
38.80508,-76.65198,24003
39.50906,-76.48647,24005
38.42016,-76.54785,24009
38.86272,-75.82792,24011
39.49525,-76.91035,24013
39.58572,-75.95844,24015
38.6137,-76.85089,24017
38.49314,-76.07342,24019
39.44605,-77.33495,24021
39.62475,-79.30151,24023
39.51075,-76.20061,24025
39.12634,-76.78439,24027
39.36486,-76.07909,24029
38.96671,-77.14339,24031
38.67227,-77.02018,24033
39.13273,-75.85419,24035
38.25953,-76.73699,24037
37.98228,-75.83496,24039
38.79377,-76.08179,24041
39.66692,-78.01628,24043
38.38056,-75.64148,24045
38.32022,-75.21805,24047
39.29482,-76.62218,24510
41.75163,-70.59728,25001
42.19632,-73.04836,25003
42.01626,-71.21868,25005
41.34896,-70.74628,25007
42.64655,-71.16505,25009
42.47363,-72.48746,25011
42.06258,-72.6259,25013
42.37492,-72.4621,25015
42.67652,-71.82323,25017
41.28538,-70.0798,25019
42.07773,-71.47408,25021
42.21678,-70.88499,25023
42.35767,-71.06505,25025
42.42018,-72.10615,25027
44.70086,-83.65359,26001
46.44251,-86.89667,26003
42.53463,-85.87431,26005
45.09161,-83.49646,26007
44.97368,-84.97443,26009
44.12837,-84.17438,26011
46.76549,-88.5679,26013
42.70682,-85.13211,26015
43.63183,-84.09312,26017
44.57439,-86.08099,26019
42.11367,-86.36565,26021
41.84822,-85.18654,26023
42.10523,-85.22291,26025
41.89837,-85.98731,26027
45.2101,-85.00997,26029
45.35577,-84.46126,26031
46.28343,-84.18837,26033
43.84684,-84.71584,26035
42.82556,-84.44827,26037
44.80858,-84.70121,26039
45.78475,-87.37235,26041
45.96732,-87.98216,26043
42.58015,-84.8454,26045
45.75565,-84.72914,26047
42.93605,-83.53083,26049
43.88113,-84.43196,26051
46.48998,-90.0499,26053
44.6264,-85.70589,26055
43.42948,-84.47145,26057
41.95193,-84.77122,26059
47.12378,-88.71646,26061
43.80193,-82.99474,26063
42.54641,-84.28539,26065
43.06537,-85.25823,26067
44.34876,-83.47091,26069
46.04304,-88.37995,26071
43.61519,-84.79615,26073
42.24977,-84.38152,26075
42.26474,-85.56246,26077
44.55957,-85.20285,26079
42.97647,-85.47661,26081
47.3556,-88.36964,26083
43.9139,-85.86999,26085
42.93259,-83.04065,26087
44.8634,-85.77556,26089
41.99459,-84.34243,26091
42.57002,-83.74837,26093
46.35941,-85.74504,26095
46.0093,-84.32332,26097
42.85026,-82.92306,26099
44.50271,-86.20547,26101
46.8126,-87.8824,26103
43.93326,-86.0345,26105
43.75075,-85.14971,26107
45.59335,-87.49817,26109
43.73725,-84.56022,26111
44.23889,-84.96939,26113
42.04998,-83.40923,26115
43.1811,-84.855,26117
45.01521,-84.15842,26119
43.27728,-85.85477,26121
43.75949,-85.88093,26123
42.54421,-83.21766,26125
43.71823,-86.28308,26127
44.39547,-84.00129,26129
46.59852,-89.61278,26131
43.91414,-85.26182,26133
44.82455,-84.03134,26135
44.99525,-84.67105,26137
42.97619,-85.94147,26139
45.27349,-83.89646,26141
44.46182,-84.75025,26143
43.27114,-83.80094,26145
42.63776,-82.57958,26147
41.85654,-85.3318,26149
43.3527,-82.66725,26151
45.96725,-86.46317,26153
42.86181,-84.07882,26155
43.24829,-83.35811,26157
42.30567,-86.10846,26159
42.25991,-83.84324,26161
42.25987,-83.21061,26163
44.24978,-85.50739,26165
47.00799,-93.6239,27001
45.39238,-93.21882,27003
46.84061,-95.80915,27005
47.51241,-94.85697,27007
45.70874,-93.90575,27009
45.55988,-96.56527,27011
44.13203,-93.97704,27013
44.11271,-94.89317,27015
46.54618,-92.64827,27017
44.71842,-93.68698,27019
46.80831,-94.5379,27021
44.98414,-95.36161,27023
45.43791,-92.79168,27025
46.64812,-96.4314,27027
47.41865,-95.40753,27029
47.96005,-90.56468,27031
43.88314,-95.13733,27033
46.32009,-94.11506,27035
44.62994,-93.13428,27037
44.03024,-93.01691,27039
45.87903,-95.38672,27041
43.62263,-94.1056,27043
43.5589,-91.90098,27045
43.66036,-93.32526,27047
44.48303,-92.86484,27049
45.79568,-96.13691,27051
44.87899,-93.19854,27053
43.61872,-91.29395,27055
46.97333,-94.69687,27057
45.73819,-93.20865,27059
47.42658,-93.37104,27061
43.63922,-94.88188,27063
45.97515,-93.12284,27065
45.10152,-95.0419,27067
48.57202,-96.89294,27069
48.09473,-93.15552,27071
45.13694,-96.33194,27073
47.23577,-91.36285,27075
48.60056,-94.56999,27077
44.30705,-93.82015,27079
44.39936,-96.15369,27081
44.21649,-95.89824,27083
44.70469,-94.3422,27085
47.44188,-95.97604,27087
48.21548,-97.00188,27089
43.62218,-94.46743,27091
45.05596,-94.42354,27093
45.5801,-93.59086,27095
45.81166,-94.43319,27097
43.56201,-92.73371,27099
43.97713,-95.59835,27101
44.21273,-94.08862,27103
43.62068,-95.94208,27105
47.36031,-96.52537,27107
44.06977,-92.50688,27109
46.16608,-95.90514,27111
48.12209,-96.19246,27113
45.83949,-93.11394,27115
43.88149,-96.11559,27117
47.56033,-96.54963,27119
45.6322,-95.72517,27121
44.95121,-93.09016,27123
47.80887,-95.94145,27125
44.23054,-95.27345,27127
44.75918,-94.88069,27129
44.41443,-93.24798,27131
43.61496,-96.38156,27133
48.8279,-95.11188,27135
47.3415,-91.87953,27137
44.57624,-93.36947,27139
45.43025,-93.83605,27141
44.60335,-94.10241,27143
45.3092,-94.57192,27145
44.17659,-93.22793,27147
45.49685,-96.06945,27149
45.2425,-96.0043,27151
45.85442,-94.67228,27153
45.59975,-96.81994,27155
44.39403,-92.32023,27157
46.7633,-95.10477,27159
44.09289,-93.71891,27161
44.9017,-92.81889,27163
44.05362,-94.8393,27165
46.28542,-96.50478,27167
44.13295,-91.97333,27169
45.24783,-93.65872,27171
44.73183,-96.29416,27173
31.51024,-91.35405,28001
34.91545,-88.5635,28003
31.22601,-90.99352,28005
33.11031,-89.4467,28007
34.83463,-89.14271,28009
33.5361,-91.1795,28011
33.88924,-89.18919,28013
33.55159,-89.96045,28015
34.04898,-89.05311,28017
33.34737,-89.18525,28019
31.95831,-90.76335,28021
32.18562,-88.85773,28023
33.65137,-88.86238,28025
34.15577,-90.60406,28027
31.98234,-90.35548,28029
31.65046,-89.57337,28031
34.80034,-90.00765,28033
31.23265,-89.26717,28035
31.45933,-90.84559,28037
31.17153,-88.6192,28041
33.7616,-89.80424,28043
30.26641,-89.47043,28045
30.38314,-89.10349,28047
32.41392,-90.47334,28049
33.11821,-89.89907,28051
33.24853,-90.62238,28053
33.00716,-91.02129,28055
34.52038,-88.64307,28057
30.8787,-88.59958,28059
32.11472,-89.22514,28061
31.68626,-91.04597,28063
31.75287,-89.67332,28065
31.57843,-89.22004,28067
32.74432,-88.70075,28069
34.48202,-89.43966,28071
31.33371,-89.41261,28073
32.26854,-88.58391,28075
31.75173,-90.00275,28077
32.78825,-89.50043,28079
34.2213,-88.77302,28081
33.54543,-90.14512,28083
31.56535,-90.46977,28085
33.41082,-88.50471,28087
32.7899,-89.81777,28089
31.24372,-89.76186,28091
34.8533,-89.67161,28093
33.97596,-88.43758,28095
33.62764,-89.63211,28097
32.79577,-89.12847,28099
32.4926,-89.28509,28101
33.10052,-88.56202,28103
33.43663,-88.82644,28105
34.30466,-89.95596,28107
30.65372,-89.66107,28109
31.17101,-88.91489,28111
31.19144,-90.46345,28113
34.35126,-89.01665,28115
34.65198,-88.53079,28117
34.1719,-90.1385,28119
32.21202,-89.88862,28121
32.39096,-89.47839,28123
32.98404,-90.7504,28125
32.02921,-89.973,28127
31.88968,-89.54988,28129
30.70499,-89.15505,28131
33.64538,-90.53816,28133
33.87636,-90.06537,28135
34.70124,-89.93036,28137
34.60922,-88.82567,28139
34.53264,-88.20046,28141
34.51371,-90.41772,28143
34.65293,-89.02614,28145
31.12978,-90.12536,28147
32.54032,-90.77608,28149
33.30989,-91.04385,28151
31.58409,-88.53432,28153
33.67003,-89.32741,28155
31.07761,-91.09725,28157
33.10146,-89.00835,28159
33.93119,-89.64492,28161
32.81969,-90.22507,28163
40.16727,-92.59033,29001
39.91297,-94.93341,29003
40.32011,-95.42108,29005
39.27807,-91.57134,29007
36.75832,-94.05496,29009
37.35698,-94.09565,29011
38.4049,-94.34313,29013
38.43542,-93.18042,29015
37.53113,-90.05129,29017
38.7917,-92.24028,29019
39.63328,-94.7173,29021
36.76635,-90.46267,29023
39.73473,-94.22787,29025
38.8877,-91.74286,29027
38.00438,-92.77976,29029
37.33785,-89.57681,29031
39.49519,-93.54638,29033
36.89012,-91.17029,29035
38.78686,-94.54993,29037
37.85013,-93.97884,29039
39.5709,-93.0938,29041
37.03629,-93.52991,29043
40.62633,-91.72833,29045
39.32368,-94.22796,29047
39.60276,-94.59641,29049
38.6525,-92.39909,29051
38.82173,-92.61112,29053
38.0896,-91.15618,29055
37.55125,-93.86187,29057
37.61611,-92.9463,29059
39.89598,-94.08969,29061
39.88912,-94.49364,29063
37.61185,-91.17846,29065
36.89509,-92.68156,29067
36.04869,-90.23924,29069
38.41545,-91.15205,29071
38.36807,-91.39032,29073
40.25757,-94.32789,29075
37.27409,-93.60132,29077
40.17743,-93.39901,29079
40.26243,-94.03596,29081
38.53185,-93.92215,29083
38.02347,-93.19243,29085
40.12859,-95.34691,29087
39.28717,-92.69501,29089
37.01445,-91.71494,29091
37.3946,-90.65369,29093
39.00708,-94.25502,29095
37.33717,-94.30942,29097
38.42948,-90.39328,29099
38.77582,-93.86392,29101
40.13623,-92.00385,29103
37.84621,-92.77835,29105
39.1053,-93.54213,29107
37.17524,-93.99143,29109
40.20545,-91.58374,29111
39.15856,-90.82796,29113
39.97622,-92.87156,29115
39.80694,-93.57648,29117
36.65661,-94.45649,29119
39.74404,-92.32713,29121
37.53669,-90.33513,29123
38.27533,-91.74975,29125
39.69234,-91.45657,29127
40.53061,-93.51265,29129
38.09075,-92.49776,29131
36.82421,-89.32559,29133
38.62053,-92.5632,29135
39.65584,-91.72647,29137
39.03672,-91.31595,29139
38.39174,-92.71199,29141
36.75037,-89.69183,29143
37.01814,-94.3332,29145
40.19007,-94.8559,29147
36.69941,-91.36229,29149
38.29077,-92.01082,29151
36.52738,-92.15774,29153
36.17481,-89.85056,29155
37.5916,-89.58041,29157
38.69843,-93.22617,29159
37.90464,-91.76536,29161
39.2707,-90.80655,29163
39.45249,-94.72685,29165
37.53489,-93.59084,29167
37.96295,-92.26776,29169
40.50062,-92.73559,29171
39.50658,-91.54662,29173
39.53367,-92.43031,29175
39.19551,-94.02403,29177
37.57042,-90.97794,29179
36.67173,-90.9157,29181
38.86333,-90.46736,29183
38.15133,-94.01118,29185
38.04471,-90.25724,29186
37.98041,-90.37608,29187
38.64427,-90.64723,29189
39.06993,-92.94723,29195
40.56894,-92.65858,29197
40.50058,-91.99891,29199
37.0849,-89.50747,29201
36.92524,-91.50254,29203
39.9068,-91.9501,29205
37.09788,-89.91707,29207
36.54177,-93.36459,29209
40.25126,-92.84263,29211
36.73949,-92.91607,29213
37.38089,-92.05626,29215
37.70263,-94.52365,29217
38.6586,-91.09594,29219
38.12778,-90.74521,29221
37.05533,-90.17657,29223
37.14472,-92.94616,29225
40.48533,-94.28869,29227
37.33123,-92.27243,29229
38.63144,-90.19264,29510
44.70971,-112.74681,30001
45.41066,-106.96215,30003
48.54585,-109.22978,30005
46.17092,-111.59005,30007
45.13858,-109.14141,30009
45.18077,-104.43071,30011
47.51103,-111.27552,30013
47.88101,-111.03335,30015
46.29015,-105.7613,30017
48.7042,-105.14527,30019
47.6849,-105.08664,30021
46.10629,-113.0659,30023
46.30559,-104.2497,30025
47.02271,-108.74433,30027
48.22816,-114.38225,30029
46.06705,-110.56171,30031
47.08099,-107.78958,30033
48.87269,-113.40786,30035
46.4014,-109.00853,30037
46.68113,-113.23872,30039
48.68878,-109.79899,30041
46.3121,-112.36463,30043
46.79849,-109.91236,30045
47.17258,-114.06047,30047
47.48417,-112.6529,30049
48.72526,-111.36528,30051
48.90263,-114.92854,30053
47.30033,-106.01361,30055
45.06984,-112.06067,30057
46.44502,-110.4549,30059
46.89598,-114.6371,30061
46.85634,-114.01484,30063
46.07523,-108.83157,30065
45.86107,-110.56343,30067
47.13238,-108.2116,30069
48.58251,-107.38538,30071
48.04193,-111.49596,30073
45.0903,-106.14997,30075
46.67999,-112.59066,30077
46.76265,-104.84331,30079
45.89487,-114.04548,30081
47.57929,-104.24951,30083
48.17289,-105.66874,30085
45.46675,-106.19541,30087
47.27751,-114.35273,30089
48.69453,-104.35835,30091
46.03422,-112.46688,30093
45.52643,-109.52448,30095
45.9299,-109.97896,30097
47.98631,-112.4085,30099
48.71694,-112.02464,30101
45.99697,-107.30997,30103
47.89166,-106.20981,30105
46.48596,-109.93497,30107
46.96526,-104.24901,30109
45.98433,-108.6741,30111
40.59293,-98.37283,31001
42.00874,-98.15375,31003
41.5665,-101.69469,31005
41.57521,-103.74548,31007
42.0095,-99.85778,31009
41.73402,-98.06988,31011
42.12052,-102.88315,31013
42.94843,-98.57208,31015
42.37777,-99.90852,31017
40.90115,-99.27942,31019
41.78424,-96.37371,31021
41.33482,-96.9589,31023
41.04333,-96.10424,31025
42.39463,-97.21934,31027
40.48121,-101.90418,31029
42.24019,-100.25949,31031
41.40733,-102.97355,31033
40.39446,-97.85229,31035
41.71607,-97.12873,31037
42.01243,-96.63221,31039
41.68512,-99.91471,31041
42.32171,-96.45024,31043
42.82655,-103.0109,31045
41.03164,-99.65885,31047
41.13007,-102.10258,31049
42.43882,-96.85468,31051
41.43794,-96.48937,31053
41.3698,-96.1914,31055
40.13757,-101.54253,31057
40.65712,-97.42865,31059
40.14999,-99.05112,31061
40.62265,-100.51306,31063
40.33396,-99.89664,31065
40.46517,-96.52385,31067
41.50657,-102.10098,31069
41.92648,-99.10902,31071
40.59087,-99.88137,31073
42.05948,-101.97264,31075
41.76104,-98.40602,31077
40.94786,-98.29168,31079
40.81766,-98.0083,31081
40.15688,-99.33723,31083
40.55802,-101.0205,31085
40.23231,-100.85152,31087
42.19264,-99.03869,31089
42.10925,-101.13246,31091
41.10857,-98.70222,31093
40.31047,-97.27153,31095
40.50243,-96.16245,31097
40.49567,-99.11905,31099
41.12371,-101.91068,31101
42.88469,-99.44943,31103
41.22203,-103.92135,31105
42.65592,-97.69676,31107
40.67176,-96.50733,31109
41.14257,-100.80075,31111
41.56182,-100.57078,31113
41.90208,-99.54467,31115
41.59474,-101.00346,31117
42.02136,-97.44362,31119
41.22071,-97.83968,31121
41.61645,-102.83344,31123
41.44407,-98.15039,31125
40.36566,-95.85854,31127
40.04888,-97.89868,31129
40.56002,-96.29215,31131
40.14019,-96.38206,31133
40.83787,-101.36428,31135
40.35909,-99.46833,31137
42.39443,-97.49721,31139
41.45254,-97.40237,31141
41.2262,-97.57973,31143
40.24978,-100.64165,31145
40.09667,-95.83811,31147
42.40226,-99.48642,31149
40.62329,-96.94774,31151
41.14193,-95.89228,31153
41.07768,-96.38545,31155
41.73125,-103.67304,31157
40.78193,-97.27231,31159
42.08292,-102.11388,31161
41.27397,-98.79085,31163
42.6874,-103.81099,31165
41.99445,-97.06758,31167
40.26603,-97.422,31169
41.91572,-100.3172,31171
42.11409,-96.34461,31173
41.41935,-99.14385,31175
41.49689,-96.33705,31177
42.28601,-97.21192,31179
40.27937,-98.61362,31181
41.94183,-98.58052,31183
41.01777,-97.61811,31185
39.52215,-118.31664,32001
35.99857,-114.96171,32003
38.87028,-119.61147,32005
41.24908,-115.75892,32007
37.77763,-118.08391,32009
39.63085,-116.17713,32011
41.88683,-118.70584,32013
39.41354,-117.16463,32015
37.27387,-115.3905,32017
39.19833,-119.47025,32019
38.48552,-118.64151,32021
36.95742,-116.72621,32023
40.54842,-118.03437,32027
39.29646,-119.65876,32029
39.22549,-120.00295,32031
39.54452,-114.77306,32033
39.13971,-119.71839,32510
43.33462,-71.28922,33001
43.82773,-71.46772,33003
42.96264,-72.29556,33005
44.49905,-71.15716,33007
43.9453,-71.45282,33009
42.87036,-71.6079,33011
43.10184,-71.60561,33013
42.9906,-71.34378,33015
43.18879,-70.88678,33017
43.18285,-72.08934,33019
39.63801,-74.77278,34001
40.82211,-73.98794,34003
40.05333,-74.91419,34005
39.93133,-75.02539,34007
39.10018,-74.73873,34009
39.43972,-75.26083,34011
40.81002,-74.18679,34013
39.81795,-75.35809,34015
40.66464,-74.10868,34017
40.72104,-74.80747,34019
40.32022,-74.52661,34021
40.58338,-74.27004,34023
40.36145,-74.07748,34025
40.92947,-74.42099,34027
39.76365,-74.31531,34029
40.87847,-74.14476,34031
39.55074,-75.34977,34033
40.63237,-74.51459,34035
41.11589,-74.59776,34037
40.65643,-74.30357,34039
40.92708,-74.81137,34041
35.14572,-106.39181,35001
33.89521,-108.54735,35003
33.63973,-104.37494,35005
35.26424,-107.97683,35006
36.38472,-105.2439,35007
34.49874,-103.28374,35009
34.323,-104.40797,35011
32.75327,-107.26371,35013
32.77171,-104.21957,35015
32.79981,-108.17998,35017
35.22451,-105.10453,35019
36.14842,-104.21107,35021
32.01017,-108.59668,35023
33.51844,-103.28904,35025
34.06456,-105.94956,35027
35.84231,-106.29078,35028
31.8459,-107.69127,35029
35.39241,-108.02154,35031
35.86844,-105.17042,35033
32.22388,-106.26284,35035
34.7147,-103.98068,35037
36.1018,-106.66924,35039
33.77807,-103.08654,35041
35.38884,-106.3516,35043
36.15983,-107.76644,35045
35.49455,-105.57126,35047
35.39865,-106.12888,35049
33.19995,-107.1436,35051
34.49195,-106.84312,35053
36.90902,-105.37427,35055
34.77804,-105.92204,35057
35.87395,-103.29185,35059
34.60271,-106.65989,35061
42.45613,-73.92766,36001
42.07738,-78.06053,36003
40.82077,-73.92387,36005
42.23867,-75.9091,36007
42.4036,-78.97359,36009
42.92381,-76.55891,36011
42.48052,-79.31161,36013
42.15002,-76.95274,36015
42.64605,-75.81796,36017
44.70385,-73.47383,36019
42.32115,-73.46216,36021
42.56139,-75.93223,36023
42.42076,-74.58407,36025
41.85964,-73.55857,36027
43.03296,-78.51205,36029
43.85588,-74.04172,36031
44.92722,-74.59971,36033
43.0833,-74.136,36035
42.91694,-78.2503,36037
42.28262,-73.82721,36039
43.57407,-74.44934,36041
43.3262,-74.95408,36043
43.96837,-75.90674,36045
40.69463,-73.98972,36047
43.89219,-75.42136,36049
42.89348,-77.73515,36051
43.15504,-75.9607,36053
43.212,-77.93454,36055
42.93798,-74.17385,36057
40.72353,-73.70456,36059
40.75061,-73.99716,36061
43.31174,-78.62669,36063
43.17083,-75.67213,36065
42.81647,-76.0745,36067
42.8481,-77.3082,36069
41.27707,-74.13522,36071
43.33438,-78.38058,36073
43.29691,-75.9347,36075
42.61432,-74.65729,36077
41.41174,-73.59437,36079
40.74625,-73.71154,36081
42.62952,-73.52591,36083
40.62846,-74.0962,36085
41.13878,-74.11613,36087
44.28809,-74.71781,36089
42.93072,-73.88634,36091
42.85301,-73.90799,36093
42.76477,-74.4569,36095
42.35884,-76.72416,36097
42.91464,-76.78471,36099
42.53997,-77.63825,36101
41.27023,-71.98781,36103
41.64914,-74.70027,36105
42.04413,-76.168,36107
42.4746,-76.26598,36109
41.9356,-74.05274,36111
43.31142,-73.64489,36113
42.96978,-73.34462,36115
43.23326,-76.71529,36117
41.29443,-73.76075,36119
42.57465,-78.39328,36121
42.75545,-77.01706,36123
36.03424,-79.48485,37001
35.94324,-81.06396,37003
36.52963,-80.97076,37005
35.10448,-80.10996,37007
36.46267,-81.65854,37009
36.02313,-81.92013,37011
35.29727,-76.76526,37013
36.1846,-77.18908,37015
34.55179,-78.77337,37017
34.07423,-78.48056,37019
35.70239,-82.64105,37021
35.66087,-81.54008,37023
35.38041,-80.5279,37025
36.01103,-81.73527,37027
36.35833,-76.16909,37029
34.8996,-76.35195,37031
36.46059,-79.28064,37033
35.77253,-81.32637,37035
35.60548,-79.393,37037
35.19808,-83.81034,37039
36.1007,-76.60012,37041
35.02609,-83.95661,37043
35.24706,-81.67066,37045
34.31178,-78.3938,37047
35.12374,-77.0217,37049
35.07431,-78.88358,37051
36.32212,-75.91509,37053
35.40321,-75.4953,37055
35.60758,-80.08959,37057
35.94454,-80.43766,37059
35.15392,-78.1042,37061
36.15926,-78.8778,37063
35.9155,-77.7361,37065
36.23307,-80.0761,37067
35.9577,-78.24979,37069
35.4069,-81.09465,37071
36.51685,-76.6078,37073
35.39969,-83.62055,37075
36.51271,-78.56305,37077
35.58517,-77.70497,37079
36.21253,-79.67858,37081
36.20576,-77.72003,37083
35.48575,-78.68494,37085
35.43589,-82.86109,37087
35.28118,-82.4182,37089
36.20782,-77.08433,37091
34.99191,-79.24264,37093
35.52143,-76.03259,37095
35.57956,-80.77328,37097
35.39742,-83.06584,37099
35.39896,-78.51901,37101
34.9965,-77.19903,37103
35.51635,-79.18719,37105
35.2444,-77.5219,37107
35.41871,-81.3211,37109
35.84063,-82.09875,37111
35.18279,-83.42108,37113
35.80819,-82.90049,37115
35.83281,-77.17446,37117
35.47154,-80.89809,37119
36.04365,-82.15888,37121
35.34314,-79.7508,37123
35.33052,-79.63977,37125
35.77609,-78.19922,37127
34.27254,-77.9633,37129
36.41563,-77.24179,37131
34.51049,-77.54668,37133
36.20296,-79.1698,37135
35.00387,-76.80688,37137
36.29548,-76.28394,37139
34.52082,-78.17817,37141
36.31189,-76.50351,37143
36.50308,-79.09174,37145
35.81566,-77.36924,37147
35.23413,-82.1247,37149
35.73223,-79.7893,37151
34.90959,-79.82238,37153
34.472,-79.14074,37155
36.37787,-79.97287,37157
35.75593,-80.70351,37159
35.48378,-81.79521,37161
35.01788,-78.61414,37163
34.76349,-79.58196,37165
35.33623,-80.20477,37167
36.45168,-80.21453,37169
36.38733,-80.59249,37171
35.36935,-83.50255,37173
35.2714,-82.86267,37175
35.84819,-76.19669,37177
35.11231,-80.60316,37179
36.3267,-78.40885,37181
35.7201,-78.91506,37183
36.43196,-78.05164,37185
35.82883,-76.43415,37187
36.17723,-81.84787,37189
35.36899,-78.07487,37191
36.05344,-81.31881,37193
35.6309,-77.93598,37195
36.2156,-80.69667,37197
35.89375,-82.31144,37199
46.0918,-102.61411,38001
46.76303,-97.68077,38003
48.04188,-99.76175,38005
47.23292,-103.30561,38007
48.85463,-100.41888,38009
46.18895,-103.42565,38011
48.80591,-102.28082,38013
47.21566,-100.50899,38015
46.97633,-97.40689,38017
48.94041,-98.70666,38019
46.08766,-98.57876,38021
48.86465,-103.31428,38023
47.26782,-102.19439,38025
47.67331,-99.07126,38027
46.59184,-100.08073,38029
47.44198,-99.06889,38031
47.08326,-103.92808,38033
47.8712,-97.14104,38035
46.29984,-101.55514,38037
47.2319,-97.93134,38039
46.39385,-102.28252,38041
46.84848,-99.75151,38043
46.6553,-97.99854,38045
46.2693,-99.1672,38047
47.8723,-100.22954,38049
46.0347,-99.30717,38051
47.43419,-103.34243,38053
47.57373,-101.19517,38055
47.25857,-101.77837,38057
46.68173,-101.54685,38059
47.99292,-102.57574,38061
47.70513,-97.99945,38063
47.1292,-101.1501,38065
48.88188,-97.43448,38067
48.25643,-100.04449,38069
48.13153,-98.87382,38071
46.63344,-97.61152,38073
48.47179,-101.22972,38075
46.44503,-96.72069,38077
48.82805,-99.77376,38079
46.06132,-97.3628,38081
47.51462,-100.26123,38083
46.33616,-100.63638,38085
46.50429,-103.33089,38087
46.9159,-102.83435,38089
47.32651,-97.72648,38091
46.88251,-98.76401,38093
48.61859,-99.38179,38095
47.32767,-97.24655,38097
48.24551,-97.11366,38099
48.1426,-101.3213,38101
47.77527,-99.85,38103
48.62397,-102.94595,38105
38.70559,-83.61289,39001
40.77558,-84.03697,39003
40.87292,-82.31686,39005
41.62142,-80.58599,39007
39.31358,-82.08214,39009
40.6241,-84.26031,39011
39.98803,-81.1741,39013
38.69055,-83.74128,39015
39.42958,-84.50247,39017
40.68949,-81.02581,39019
40.17253,-83.64152,39021
39.99946,-83.62197,39023
39.01712,-84.20428,39025
39.39718,-83.98501,39027
40.67851,-80.58321,39029
40.39331,-81.97257,39031
40.81746,-82.97252,39033
41.36865,-81.86317,39035
40.21593,-84.65781,39037
41.30271,-84.35806,39039
40.41034,-82.97538,39041
41.60341,-82.70291,39043
39.89864,-82.54119,39045
39.64231,-83.42115,39047
40.06333,-83.1739,39049
41.53029,-84.29884,39051
38.92975,-82.27709,39053
41.44167,-81.14742,39055
39.71154,-84.02205,39057
39.9192,-81.51756,39059
39.13917,-84.71229,39061
41.1056,-83.53412,39063
40.63931,-83.61507,39065
40.25609,-81.02123,39067
41.2179,-83.91492,39069
39.35024,-83.38582,39071
39.50205,-82.24237,39073
40.45874,-82.14575,39075
41.24085,-82.48013,39077
39.1106,-82.60773,39079
40.4703,-80.95207,39081
40.2862,-82.27703,39083
41.74619,-81.2836,39085
38.47362,-82.45037,39087
40.08865,-82.61363,39089
40.21996,-83.57248,39091
41.36494,-82.26177,39093
41.627,-83.32311,39095
40.09512,-83.45856,39097
41.02261,-80.94516,39099
40.59971,-83.12958,39101
41.24341,-81.82949,39103
39.06483,-82.2523,39105
40.35312,-84.64248,39107
40.06026,-84.08026,39109
39.83676,-81.00995,39111
39.84262,-84.42149,39113
39.4921,-81.89469,39115
40.48322,-82.87768,39117
39.96007,-81.99398,39119
39.84213,-81.57748,39121
41.57185,-83.36346,39123
41.18985,-84.73113,39125
39.89642,-82.39758,39127
39.72571,-82.93544,39129
39.03318,-82.85137,39131
41.0268,-81.17929,39133
39.58696,-84.78787,39135
41.00316,-84.30094,39137
40.59884,-82.53167,39139
39.46466,-82.74564,39141
41.27786,-83.24939,39143
38.64968,-82.81291,39145
41.04566,-83.41945,39147
40.40228,-84.20383,39149
40.91935,-81.13021,39151
41.31494,-81.49827,39153
41.38663,-80.85424,39155
40.27481,-81.58243,39157
40.35234,-83.26227,39159
40.92657,-84.73286,39161
39.37557,-82.49937,39163
39.5356,-84.30298,39165
39.31734,-81.61891,39167
40.95265,-81.99853,39169
41.6725,-84.45726,39171
41.40998,-83.65457,39173
40.95416,-83.3808,39175
36.03116,-94.81928,40001
36.49979,-98.51721,40003
34.33515,-96.06889,40005
36.88694,-100.14299,40007
35.20292,-99.45348,40009
35.64158,-98.3756,40011
34.00002,-96.53768,40013
35.05783,-98.2382,40015
35.58109,-98.14626,40017
34.20309,-97.11484,40019
35.68398,-94.9071,40021
34.01586,-95.85235,40023
36.74597,-102.57362,40025
35.20599,-97.44355,40027
34.61206,-96.36847,40029
34.56071,-98.28815,40031
34.19635,-98.53357,40033
36.67738,-95.22876,40035
35.81448,-96.36494,40037
35.4877,-98.55685,40039
36.63942,-94.9423,40041
35.94782,-98.73351,40043
36.03793,-99.67435,40045
36.42773,-97.78619,40047
34.83152,-97.59585,40049
34.94937,-97.731,40051
36.94519,-98.0798,40053
34.98709,-99.40795,40055
34.69502,-99.76509,40057
36.85225,-99.55373,40059
35.2832,-95.15524,40061
34.88727,-96.25216,40063
34.64013,-99.31565,40065
34.1307,-97.63459,40067
34.25701,-96.41945,40069
36.70063,-97.1462,40071
35.79897,-97.68712,40073
35.0428,-98.8766,40075
34.97379,-95.06677,40077
34.71847,-94.98834,40079
35.71287,-96.76233,40081
35.97277,-97.24017,40083
33.90519,-97.36687,40085
35.10621,-97.67844,40087
34.38784,-94.91665,40089
35.44994,-95.52887,40091
36.22231,-98.17033,40093
33.94554,-96.75691,40095
36.43707,-95.27256,40097
34.47363,-97.17403,40099
35.72182,-95.46534,40101
36.34882,-97.00648,40103
36.79882,-95.58709,40105
35.51737,-96.47045,40107
35.66892,-97.49715,40109
35.85507,-96.01412,40111
36.49725,-96.07976,40113
36.93395,-94.87975,40115
36.24511,-96.4191,40117
35.95802,-96.74985,40119
35.17235,-95.64189,40121
34.78899,-96.71076,40123
35.31628,-96.96875,40125
34.65772,-95.09373,40127
35.62464,-99.68449,40129
36.18231,-95.70744,40131
35.14386,-96.66496,40133
35.57731,-95.09361,40135
34.6457,-97.91351,40137
36.73542,-101.02061,40139
34.24724,-99.02039,40141
35.92455,-95.87249,40143
36.06001,-95.67514,40145
36.72744,-96.06583,40147
35.34249,-98.66219,40149
36.84324,-98.77287,40151
36.47878,-99.43646,40153
44.82653,-117.76252,41001
44.61593,-123.60117,41003
45.25115,-122.46006,41005
45.79203,-123.95464,41007
46.05877,-123.2688,41009
43.07425,-124.35919,41011
44.13755,-119.87398,41013
42.62136,-124.01399,41015
44.01483,-121.33107,41017
42.79896,-123.14787,41019
45.55943,-120.21621,41021
44.71379,-118.64698,41023
42.18621,-118.47568,41025
45.58411,-122.01828,41027
42.28178,-122.90541,41029
44.72286,-120.63173,41031
42.66677,-123.39219,41033
42.44882,-122.07471,41035
42.20629,-119.78389,41037
44.06826,-123.08181,41039
44.35568,-123.62686,41041
44.65193,-123.13328,41043
43.62893,-117.09006,41045
45.23708,-122.79897,41047
45.77478,-119.87009,41049
45.51018,-122.21108,41051
45.00899,-123.1081,41053
45.28737,-120.80847,41055
45.55438,-123.8808,41057
45.6682,-118.81572,41059
45.33993,-117.75625,41061
45.70681,-117.22862,41063
44.92441,-120.65,41065
45.49099,-122.80354,41067
44.63859,-120.11651,41069
45.09042,-123.21733,41071
39.89061,-76.9803,42001
40.63368,-79.87675,42003
40.5938,-79.5563,42005
40.5921,-80.31976,42007
40.19913,-78.63502,42009
40.4491,-75.54912,42011
40.55564,-78.37019,42013
41.86377,-76.78243,42015
40.56687,-75.24352,42017
40.9095,-79.9438,42019
40.64535,-78.82311,42021
41.35632,-78.19168,42023
40.80222,-75.66405,42025
40.81181,-78.24366,42027
40.06116,-75.39987,42029
40.95792,-79.63702,42031
40.81462,-78.79247,42033
41.15516,-77.70409,42035
41.27606,-76.36933,42037
41.50609,-80.3849,42039
40.13084,-77.11823,42041
40.60286,-76.80968,42043
39.97384,-75.36077,42045
41.35536,-78.36768,42047
41.8811,-80.40485,42049
39.90108,-79.74724,42051
41.33652,-79.18484,42053
39.96108,-77.65615,42055
39.95172,-78.20809,42057
39.79273,-80.48224,42059
40.5674,-78.10766,42061
40.50095,-79.43851,42063
41.00813,-78.96225,42065
40.41635,-77.57482,42067
41.50042,-75.52959,42069
40.16633,-76.60865,42071
40.98532,-80.28715,42073
40.36398,-76.5649,42075
40.47124,-75.64643,42077
40.94886,-75.95624,42079
41.33758,-76.90225,42081
41.70345,-78.92856,42083
41.28153,-80.42506,42085
40.50755,-77.83922,42087
40.89122,-75.49311,42089
40.35423,-75.43661,42091
40.98871,-76.63927,42093
40.85301,-75.17174,42095
40.64333,-76.88259,42097
40.28559,-77.54374,42099
39.95289,-75.16548,42101
41.15195,-75.00305,42103
41.5841,-78.03708,42105
40.69363,-76.2552,42107
40.58877,-77.00341,42109
39.74752,-79.34539,42111
41.42874,-76.56675,42113
41.64818,-75.58952,42115
41.73083,-77.32717,42117
41.11205,-77.03146,42119
41.45555,-79.63531,42121
41.93214,-79.30324,42123
40.3452,-80.38118,42125
41.593,-75.10268,42127
40.15882,-79.81218,42129
41.58581,-75.79095,42131
40.0901,-77.02256,42133
41.74438,-71.31461,44001
41.69086,-71.61976,44003
41.51497,-71.3771,44005
41.95195,-71.45534,44007
41.43188,-71.77236,44009
34.17875,-82.42871,45001
33.80842,-81.59563,45003
32.99533,-81.37633,45005
34.50704,-82.60538,45007
33.24055,-81.01544,45009
33.22683,-81.44135,45011
32.37718,-80.69521,45013
32.93013,-80.0027,45015
33.58113,-80.6535,45017
32.77869,-79.93494,45019
34.98192,-81.59387,45021
34.54461,-81.13436,45023
34.46022,-80.24829,45025
33.78349,-80.17252,45027
33.0377,-80.94174,45029
34.18619,-80.09627,45031
34.41899,-79.37303,45033
32.93365,-80.10256,45035
33.81939,-81.99726,45037
34.43968,-81.337,45039
33.9537,-79.93237,45041
33.37712,-79.32901,45043
34.84775,-82.4027,45045
34.13463,-82.15216,45047
32.9376,-81.14186,45049
33.97729,-79.11497,45051
32.58262,-80.93074,45053
34.43983,-80.37879,45055
34.56391,-80.73586,45057
34.47226,-81.84267,45059
34.21605,-80.27023,45061
33.87029,-81.55055,45063
33.64381,-82.11184,45065
34.01865,-79.35981,45067
34.62635,-79.70984,45069
34.18558,-81.86437,45071
34.51182,-83.00058,45073
33.34525,-80.64534,45075
34.74024,-82.79866,45077
34.20244,-80.99572,45079
34.04454,-81.77281,45081
34.93484,-82.01161,45083
34.05932,-80.43427,45085
34.60413,-81.43241,45087
33.60516,-79.99465,45089
34.8209,-80.91536,45091
43.89805,-98.17521,46003
44.63068,-97.97403,46005
43.1789,-101.6976,46007
43.12564,-97.75782,46009
44.2965,-96.67695,46011
45.47648,-98.52751,46013
43.75604,-99.29632,46015
44.11594,-99.41254,46017
44.9518,-103.88836,46019
45.83662,-100.03958,46021
42.97949,-98.15395,46023
45.07846,-97.66128,46025
43.07769,-96.79149,46027
44.9379,-97.09465,46029
45.74916,-101.07489,46031
43.71951,-103.6317,46033
43.71377,-98.04725,46035
45.288,-97.80865,46037
44.54863,-96.52265,46039
44.95166,-100.99524,46041
43.31032,-98.3658,46043
45.45234,-99.67794,46045
43.46359,-102.93334,46047
45.17659,-98.91269,46049
45.30016,-96.52617,46051
43.12625,-98.98067,46053
44.27155,-101.19562,46055
44.59541,-97.45309,46057
44.49158,-99.07086,46059
43.65292,-97.76171,46061
45.8385,-103.02244,46063
44.52935,-100.30251,46065
43.33754,-97.48028,46067
44.57385,-99.45347,46069
43.80982,-101.20697,46071
44.20045,-98.37634,46073
43.97069,-100.49107,46075
44.22943,-97.33507,46077
43.89298,-96.96181,46079
44.24611,-103.65397,46081
43.28311,-96.62,46083
43.81175,-99.41645,46085
43.59566,-97.27314,46087
45.79145,-99.59805,46089
45.61755,-97.38428,46091
44.9926,-102.20972,46093
43.43961,-101.19703,46095
44.14585,-97.71384,46097
43.73544,-96.75995,46099
44.01208,-96.82924,46101
44.14154,-103.20508,46103
45.38238,-102.54873,46105
45.05455,-100.14458,46107
45.86237,-97.13702,46109
44.05028,-97.98514,46111
43.1085,-102.20056,46113
45.01656,-98.5383,46115
44.38994,-100.61773,46117
44.84487,-100.16446,46119
43.2434,-100.6321,46121
43.19154,-99.76539,46123
43.11301,-96.95273,46125
42.98447,-96.63973,46127
45.28685,-100.14134,46129
42.87454,-97.18348,46135
44.66411,-101.54094,46137
36.22893,-84.01005,47001
35.62659,-86.40263,47003
36.24504,-88.03583,47005
35.6317,-85.22661,47007
35.79417,-83.9846,47009
35.26388,-84.78006,47011
36.26643,-84.26995,47013
35.95745,-86.10025,47015
36.12284,-88.52912,47017
36.37734,-82.13641,47019
36.28415,-87.07721,47021
35.41912,-88.42645,47023
36.55424,-83.96049,47025
36.55796,-85.48547,47027
36.09016,-83.13207,47029
35.63865,-86.19706,47031
35.81094,-89.15658,47033
35.95367,-84.82059,47035
36.04709,-86.63244,47037
35.4364,-88.10557,47039
36.07386,-86.00151,47041
36.04187,-87.2645,47043
36.15949,-89.42706,47045
35.1831,-89.63486,47047
36.39559,-84.72439,47049
35.09863,-86.18923,47051
36.20283,-89.04851,47053
35.0482,-86.82587,47055
36.32525,-83.33404,47057
36.2265,-82.74758,47059
35.41971,-85.79525,47061
36.17601,-83.26504,47063
35.01324,-85.01622,47065
36.5719,-83.06489,47067
35.24682,-88.99497,47069
35.05788,-88.28787,47071
36.52905,-82.72988,47073
35.60824,-89.27013,47075
35.67783,-88.21651,47077
36.44512,-88.16463,47079
35.9487,-87.30774,47081
36.28313,-87.65523,47083
35.92275,-87.76786,47085
36.23209,-85.66285,47087
35.99875,-83.39826,47089
36.32921,-81.97851,47091
36.13176,-83.80706,47093
36.32806,-89.47443,47095
35.79606,-89.39376,47097
35.33546,-87.26637,47099
35.5311,-87.55161,47101
35.02721,-86.36667,47103
35.6754,-84.18028,47105
35.4407,-84.64319,47107
35.25849,-88.39883,47109
36.54396,-86.00238,47111
35.58601,-88.85286,47113
35.0317,-85.52315,47115
35.39228,-86.7098,47117
35.62902,-87.02062,47119
35.49566,-84.81602,47121
35.5001,-84.34846,47123
36.56764,-87.1088,47125
35.28091,-86.35526,47127
36.02246,-84.42936,47129
36.34942,-89.32268,47131
36.52956,-85.33738,47133
35.60376,-87.86554,47135
36.56081,-85.1516,47137
35.16905,-84.62581,47139
36.22819,-85.53847,47141
35.50222,-85.00768,47143
35.94879,-84.5134,47145
36.52423,-87.01714,47147
35.70277,-86.3515,47149
36.32712,-84.60644,47151
35.42277,-85.40585,47153
35.67019,-83.47483,47155
35.28694,-89.70841,47157
36.27438,-85.94757,47159
36.58337,-87.7843,47161
36.53067,-82.37209,47163
36.50013,-86.31074,47165
35.41885,-89.76738,47167
36.41898,-86.14427,47169
36.10446,-82.45622,47171
36.21512,-83.75606,47173
35.69355,-85.42668,47175
35.6442,-85.74463,47177
36.3303,-82.32147,47179
35.40586,-87.94814,47181
36.32089,-88.67903,47183
35.80753,-85.50623,47185
35.86957,-86.65754,47187
36.27275,-86.27211,47189
32.04188,-95.52213,48001
32.32942,-102.69917,48003
31.30134,-94.65552,48005
28.06831,-97.04422,48007
33.56891,-98.67458,48009
35.00734,-101.39694,48011
28.72411,-98.27925,48013
29.97879,-96.25057,48015
33.89795,-102.68244,48017
29.70959,-99.09413,48019
30.12383,-97.3284,48021
33.61862,-99.2424,48023
28.40248,-97.71085,48025
31.07505,-97.25433,48027
29.28295,-98.73826,48029
30.0926,-98.46684,48031
32.92342,-101.76913,48033
31.80782,-97.56147,48035
33.37363,-94.13142,48037
28.96093,-95.56106,48039
30.63892,-96.36344,48041
29.80008,-103.22466,48043
34.34612,-101.05839,48045
26.88252,-98.22368,48047
31.84218,-98.79696,48049
30.53745,-96.67998,48051
30.78219,-98.04562,48053
29.94013,-97.562,48055
28.66665,-96.57238,48057
32.13333,-99.21055,48059
25.96396,-97.55009,48061
32.96633,-95.12119,48063
35.26041,-101.09514,48065
33.11556,-94.20197,48067
34.48692,-102.33088,48069
29.68073,-94.59949,48071
32.03594,-95.41876,48073
34.43714,-100.28085,48075
33.62099,-98.06028,48077
33.58496,-103.01455,48079
31.86341,-100.28783,48081
32.00902,-99.29395,48083
33.08966,-96.60751,48085
34.89616,-100.2061,48087
29.555,-96.42817,48089
29.89823,-98.4063,48091
31.89183,-98.61491,48093
31.2208,-99.89594,48095
33.48819,-97.35067,48097
31.21606,-97.97338,48099
34.00044,-100.29275,48101
31.41809,-102.4833,48103
30.53101,-101.30066,48105
33.65766,-101.18732,48107
31.09237,-104.63689,48109
36.10661,-102.61108,48111
32.96,-96.83847,48113
32.69327,-102.01053,48115
34.94105,-102.20592,48117
33.45984,-95.75129,48119
33.00462,-96.89714,48121
29.09674,-97.28269,48123
33.75776,-100.78642,48125
28.42467,-99.73537,48127
34.9032,-100.99529,48129
27.62992,-98.48907,48131
32.25176,-98.85668,48133
31.97,-102.62753,48135
29.86443,-100.01737,48137
32.27004,-96.70244,48139
31.97693,-106.59781,48141
32.28259,-98.19882,48143
30.99426,-97.04726,48145
33.44141,-96.17913,48147
30.16565,-96.70635,48149
32.75672,-100.21828,48151
33.90636,-101.07004,48153
33.89959,-99.77069,48155
29.58303,-95.46032,48157
33.17279,-95.21222,48159
31.47744,-96.22823,48161
28.94843,-98.85242,48163
32.90819,-102.33659,48165
29.36108,-95.08555,48167
33.03672,-101.20986,48169
30.0957,-99.63952,48171
31.76368,-101.51602,48173
28.6691,-97.20818,48175
29.4366,-97.73586,48177
35.42573,-100.7875,48179
33.77167,-96.60413,48181
32.50854,-94.72407,48183
30.32935,-95.85389,48185
29.57434,-98.2188,48187
33.98484,-102.02773,48189
34.52345,-100.52865,48191
31.86715,-98.22143,48193
36.29869,-101.5571,48195
34.25629,-99.51497,48197
30.39595,-94.62253,48199
29.75641,-95.3653,48201
32.37152,-94.17658,48203
35.69549,-102.38627,48205
33.32169,-99.63092,48207
30.07722,-97.83741,48209
35.91221,-100.29815,48211
32.32674,-95.97242,48213
26.21583,-98.23917,48215
32.16217,-97.15511,48217
33.8049,-102.16223,48219
32.42318,-97.80877,48221
33.05301,-95.72612,48223
31.2935,-95.49194,48225
32.41453,-101.25956,48227
32.19025,-105.26698,48229
33.06522,-96.22289,48231
35.69979,-101.39788,48233
31.27277,-101.17275,48235
33.15546,-98.37755,48237
29.03768,-96.70042,48239
31.1108,-94.00384,48241
30.68395,-103.95565,48243
30.04723,-94.35561,48245
27.10434,-98.78676,48247
27.71843,-98.14284,48249
32.41579,-97.20169,48251
32.74484,-99.90508,48253
28.95337,-98.12689,48255
32.61016,-96.44553,48257
29.90071,-98.55582,48259
26.89255,-97.76259,48261
33.33064,-100.72207,48263
29.91232,-99.04483,48265
30.48896,-99.79705,48267
33.64183,-100.22812,48269
29.39073,-100.41626,48271
27.44952,-97.86266,48273
33.48303,-99.542,48275
33.86196,-95.64855,48277
34.26917,-102.45283,48279
31.48559,-98.14598,48281
28.29493,-99.21954,48283
29.377,-96.84377,48285
30.36444,-96.84281,48287
31.46233,-96.01473,48289
30.32154,-94.92631,48291
31.7284,-96.66385,48293
36.38545,-100.50396,48295
28.25927,-98.14445,48297
30.63982,-98.91956,48299
31.80166,-103.59994,48301
33.7248,-101.68202,48303
33.1708,-101.83551,48305
31.10474,-99.39545,48307
31.26693,-97.20313,48309
28.49506,-98.37836,48311
30.96687,-95.71167,48313
32.87432,-94.5527,48315
32.28903,-101.87178,48317
30.76719,-99.04869,48319
28.89959,-95.88091,48321
28.75206,-100.31076,48323
29.3573,-98.88669,48325
30.89369,-100.09665,48327
31.99237,-102.08147,48329
30.84974,-97.15418,48331
31.43787,-98.50904,48333
32.31554,-100.91777,48335
33.51993,-97.95469,48337
30.30792,-95.43426,48339
36.03842,-102.00335,48341
33.20102,-94.59619,48343
34.22681,-100.92952,48345
31.80409,-94.8556,48347
32.06629,-96.64223,48349
30.67149,-93.71174,48351
32.118,-100.32343,48353
27.74268,-97.91564,48355
36.33008,-100.98394,48357
35.32994,-102.78511,48359
30.0132,-93.82257,48361
32.80005,-98.12755,48363
32.24926,-94.45456,48365
32.69283,-97.6237,48367
34.53322,-102.88568,48369
31.16955,-103.0851,48371
30.8959,-94.75068,48373
35.26652,-102.10915,48375
30.12696,-104.22342,48377
32.87828,-95.75557,48379
34.94033,-101.91645,48381
31.26949,-101.54094,48383
29.76653,-99.73619,48385
33.79984,-95.15232,48387
31.00534,-103.76187,48389
28.30141,-96.87481,48391
35.83018,-100.76786,48393
31.15492,-96.6554,48395
32.85504,-96.42764,48397
31.7387,-99.93626,48399
32.22989,-94.73272,48401
31.322,-94.03264,48403
31.2455,-94.19467,48405
30.3963,-95.19392,48407
27.94281,-97.18347,48409
31.00358,-98.47066,48411
30.88566,-100.58752,48413
32.87674,-101.2428,48415
32.785,-99.2474,48417
31.73268,-94.20157,48419
36.2801,-102.00052,48421
32.5189,-94.95133,48423
32.20528,-97.79713,48425
26.64926,-98.4511,48427
32.80509,-98.89861,48429
31.81488,-101.04641,48431
33.17852,-100.24899,48433
30.43734,-100.56036,48435
34.74685,-101.90316,48437
32.59062,-97.04051,48439
32.27415,-99.82596,48441
30.00451,-101.93072,48443
33.14437,-102.31614,48445
33.18879,-99.27221,48447
33.21697,-94.97819,48449
31.54094,-100.62879,48451
30.14718,-97.59615,48453
31.10075,-95.08953,48455
30.95212,-94.57962,48457
32.71557,-94.68413,48459
31.21544,-102.15319,48461
29.35664,-99.87147,48463
29.83396,-101.21497,48465
32.51192,-95.88237,48467
28.80493,-96.98473,48469
30.804,-95.55093,48471
29.83893,-95.98251,48473
31.46009,-103.4056,48475
30.11817,-96.24904,48477
27.51345,-99.50228,48479
29.2581,-95.93008,48481
35.58004,-100.09469,48483
33.90561,-98.48,48485
34.11368,-99.01676,48487
26.47802,-97.91812,48489
30.80164,-97.42497,48491
29.11822,-98.2018,48493
31.82641,-103.052,48495
33.0485,-97.60577,48497
32.79101,-95.63456,48499
32.94697,-102.8723,48501
33.25294,-98.919,48503
27.13267,-99.33646,48505
28.88992,-99.5591,48507
38.32631,-112.54937,49001
41.6082,-112.13016,49003
41.81658,-111.99687,49005
39.547,-110.76031,49007
40.845,-109.20402,49009
40.86774,-111.86726,49011
40.3514,-110.27544,49013
39.24424,-111.00988,49015
37.99958,-111.94426,49017
38.9426,-109.17928,49019
37.84773,-113.72804,49021
39.97341,-112.20576,49023
37.56105,-110.43123,49025
39.40757,-112.83993,49027
41.21539,-111.44543,49029
38.17953,-112.25044,49031
41.93362,-111.4055,49033
40.60131,-112.11715,49035
37.56296,-109.41442,49037
39.05132,-111.82568,49039
38.91484,-111.92771,49041
40.93355,-111.20387,49043
40.27877,-112.76586,49045
40.281,-109.83949,49047
40.46017,-111.71915,49049
40.36182,-111.20111,49051
37.44014,-113.61313,49053
38.28997,-111.54894,49055
41.17183,-112.04815,49057
44.13348,-73.03668,50001
43.25358,-72.9153,50003
44.22756,-72.09962,50005
44.47626,-73.20998,50007
44.4368,-71.86146,50009
44.79138,-72.76969,50011
44.95955,-73.27954,50013
44.75855,-72.67678,50015
44.00887,-72.15802,50017
44.73871,-72.34482,50019
43.62459,-72.90982,50021
44.28362,-72.60496,50023
43.17899,-72.49454,50025
43.67224,-72.38132,50027
37.68335,-75.63618,51001
38.08844,-78.55617,51003
37.82994,-79.75643,51005
37.35066,-77.96878,51007
37.63442,-79.0969,51009
37.37369,-78.78523,51011
38.88661,-77.09521,51013
38.36852,-79.16036,51015
38.05505,-79.82801,51017
37.22322,-79.73813,51019
37.16731,-81.21383,51021
37.37194,-79.77643,51023
36.88067,-77.92044,51025
37.11348,-82.15014,51027
37.68225,-78.40865,51029
37.14936,-79.22975,51031
38.09231,-77.27063,51033
36.83712,-80.87484,51035
37.3463,-77.05926,51036
37.09234,-78.64395,51037
37.435,-77.66208,51041
39.02747,-77.9491,51043
37.48631,-80.19045,51045
38.68699,-78.01174,51047
37.64542,-78.13391,51049
37.08415,-82.17207,51051
37.12899,-77.39781,51053
38.0421,-77.07102,51057
38.85433,-77.47715,51059
38.82155,-77.9001,51061
37.03633,-80.2329,51063
37.84922,-78.28843,51065
37.11658,-79.97088,51067
39.14988,-78.26622,51069
37.27426,-80.6343,51071
37.4337,-76.55228,51073
37.75544,-78.14779,51075
36.61457,-81.57778,51077
38.188,-78.32302,51079
36.67043,-77.55067,51081
36.58394,-79.03674,51083
37.75956,-77.48221,51085
37.70489,-77.56251,51087
36.67394,-79.7051,51089
38.52851,-79.59324,51091
36.9961,-76.57063,51093
37.39999,-76.82731,51095
37.77866,-76.95957,51097
38.3405,-77.03217,51099
37.81385,-77.18736,51101
37.66654,-76.41509,51103
36.63362,-82.99546,51105
38.96273,-77.61003,51107
37.92538,-77.77924,51109
36.90668,-78.13427,51111
38.33177,-78.21875,51113
37.39784,-76.37013,51115
36.70149,-78.28677,51117
37.65464,-76.67968,51119
37.25676,-80.42107,51121
37.97724,-78.8107,51125
37.47686,-76.8095,51127
37.43369,-75.87307,51131
37.86906,-76.34909,51133
37.08962,-77.96733,51135
38.3579,-77.86346,51137
38.75957,-78.35994,51139
36.60858,-80.53375,51141
36.58325,-79.6348,51143
37.54972,-77.93373,51145
37.31622,-78.41609,51147
37.23536,-77.3353,51149
38.79282,-77.52657,51153
37.18413,-80.6157,51155
38.85154,-78.13733,51157
37.87588,-76.60731,51159
37.21061,-80.04235,51161
37.92506,-79.31711,51163
38.78999,-78.97873,51165
36.86231,-82.28197,51167
36.71568,-82.78922,51169
39.08062,-78.3915,51171
36.88173,-81.40915,51173
36.6106,-77.2012,51175
38.2834,-77.5753,51177
38.31521,-77.40371,51179
37.07981,-76.91887,51181
36.92569,-77.4151,51183
36.95464,-81.67291,51185
38.81812,-78.27942,51187
36.66094,-82.21261,51191
38.17862,-76.9962,51193
36.9437,-82.79763,51195
36.90827,-80.80658,51197
37.09045,-76.36454,51199
38.82001,-77.05961,51510
36.61087,-82.16978,51520
37.7223,-79.3607,51530
37.95389,-78.46997,51540
36.75193,-76.2183,51550
37.28974,-77.40366,51570
36.64309,-79.4234,51590
38.8871,-77.18076,51610
38.29923,-77.48714,51630
36.63831,-80.92884,51640
37.00917,-76.30503,51650
38.40457,-78.87718,51660
37.27984,-77.2173,51670
37.353,-79.15578,51680
38.74704,-77.48598,51683
37.05864,-76.46392,51700
36.86285,-76.20988,51710
36.96167,-82.65648,51720
37.21231,-77.48142,51730
37.13181,-76.35673,51735
36.8118,-76.37079,51740
37.13805,-80.55079,51750
37.57706,-77.53886,51760
37.27057,-79.94122,51770
37.30012,-80.1106,51775
38.13351,-79.0859,51790
36.87174,-76.55076,51800
36.86739,-76.00587,51810
38.09563,-78.88515,51820
37.26743,-76.72078,51830
39.17467,-78.17358,51840
46.9034,-118.10475,53001
46.08744,-117.25143,53003
46.26522,-119.48767,53005
47.42334,-120.3378,53007
48.0603,-124.43012,53009
45.9563,-122.36118,53011
46.2566,-117.86548,53013
46.35778,-123.06724,53015
47.49059,-120.16774,53017
48.89658,-118.639,53019
46.38445,-118.94383,53021
46.42781,-117.56645,53023
47.32197,-119.63358,53025
47.04348,-123.80637,53027
47.95814,-122.40474,53029
47.72074,-122.99144,53031
47.30998,-122.26521,53033
47.64469,-122.54353,53035
47.44077,-121.34972,53037
45.86717,-121.26546,53039
46.56449,-122.11248,53041
47.50803,-117.92448,53043
47.35771,-122.86367,53045
48.1445,-119.75287,53047
46.58623,-123.89756,53049
48.5039,-117.28854,53051
47.15783,-122.70387,53053
48.56085,-122.80263,53055
48.50321,-122.65492,53057
45.86735,-122.0707,53059
47.84151,-122.19909,53061
47.63652,-117.58632,53063
47.89235,-117.83446,53065
46.97901,-122.87089,53067
46.21775,-123.32548,53069
46.19237,-118.84285,53071
48.68497,-122.19692,53073
47.18882,-117.87558,53075
46.69318,-120.41528,53077
39.10308,-80.1594,54001
39.45684,-77.97266,54003
38.19199,-81.71202,54005
38.58235,-80.93418,54007
40.22631,-80.65581,54009
38.37332,-82.26407,54011
38.8106,-81.12967,54013
38.37293,-81.08677,54015
39.41965,-80.61064,54017
38.13577,-81.24177,54019
38.84772,-80.94138,54021
39.22441,-79.39584,54023
37.84062,-80.46534,54025
39.48344,-78.56789,54027
40.59399,-80.55257,54029
39.05028,-78.80365,54031
39.28976,-80.37938,54033
38.84049,-81.8431,54035
39.25105,-77.86894,54037
38.24257,-81.50233,54039
39.05153,-80.68267,54041
38.25115,-81.78618,54043
37.85869,-81.8117,54045
37.44262,-81.57762,54047
39.46678,-80.11484,54049
40.00838,-80.72244,54051
38.78321,-82.08843,54053
37.30095,-81.20655,54055
39.3072,-78.94227,54057
37.53033,-81.90864,54059
39.63014,-80.04139,54061
37.52016,-80.75007,54063
39.55551,-78.21892,54065
38.21809,-80.61904,54067
40.074,-80.64997,54069
38.62752,-79.19655,54071
39.36798,-81.28758,54073
38.4652,-79.77635,54075
39.45058,-79.87894,54077
38.50861,-81.83935,54079
37.82536,-81.42867,54081
38.74033,-80.18293,54083
39.06903,-81.18634,54085
38.58088,-81.26921,54087
37.56075,-80.81113,54089
39.25657,-80.12616,54091
39.07893,-79.41767,54093
39.45283,-81.04396,54095
39.00049,-80.20387,54097
38.39676,-82.55398,54099
38.5409,-80.5827,54101
39.63217,-80.76542,54103
39.02869,-81.20434,54105
39.23905,-81.57619,54107
37.48718,-81.3771,54109
43.89015,-89.80452,55001
46.04326,-90.4764,55003
45.30833,-91.63943,55005
46.86052,-90.91781,55007
44.40464,-88.09197,55009
44.3717,-91.83447,55011
46.10807,-92.21857,55013
44.02436,-88.175,55015
45.10645,-91.48778,55017
44.96139,-90.2874,55019
43.32154,-89.55903,55021
43.05199,-91.05839,55023
42.86884,-89.56429,55025
43.20657,-88.50973,55027
45.07718,-87.13809,55029
46.57179,-91.56072,55031
45.07012,-92.01217,55033
44.74438,-91.51059,55035
45.76085,-88.49609,55037
43.60987,-88.27706,55039
45.65038,-88.50156,55041
42.90148,-90.45066,55043
42.73287,-89.44184,55045
43.67075,-89.21169,55047
43.13931,-89.95613,55049
46.42918,-90.22015,55051
44.44771,-90.95223,55053
43.17007,-88.57682,55055
43.7509,-90.28434,55057
42.5573,-88.035,55059
44.62083,-87.49345,55061
43.80439,-91.1425,55063
42.70422,-89.86003,55065
45.11914,-89.16996,55067
45.35643,-89.43913,55069
43.90617,-87.7918,55071
44.96557,-89.70677,55073
45.50014,-87.9836,55075
43.66696,-89.59605,55077
44.92472,-88.6266,55078
42.94672,-87.86398,55079
43.75716,-90.77702,55081
44.78959,-88.06277,55083
45.51044,-89.2179,55085
44.48476,-88.45863,55087
43.49997,-87.88005,55089
44.62933,-92.06966,55091
44.7902,-92.43919,55093
45.33476,-92.38718,55095
44.40963,-89.31084,55097
45.42581,-90.27357,55099
42.66416,-88.27989,55101
43.24519,-90.59401,55103
42.60607,-89.06535,55105
45.50555,-90.85906,55107
44.96238,-92.37133,55109
43.39963,-89.64159,55111
45.84072,-91.28357,55113
44.6982,-88.44737,55115
43.60612,-88.05515,55117
45.20014,-90.81672,55119
44.24805,-91.50053,55121
43.65802,-91.08284,55123
46.09528,-89.67091,55125
42.59736,-88.75084,55127
45.87255,-91.93447,55129
43.47016,-88.35696,55131
43.0626,-88.09925,55133
44.63663,-88.74005,55135
44.02804,-89.5561,55137
44.06283,-88.53313,55139
44.542,-90.03028,55141
41.57352,-105.61121,56001
44.36573,-108.12364,56003
44.48072,-105.68542,56005
41.88846,-107.49508,56007
42.87662,-104.9679,56009
44.70768,-104.27047,56011
43.03512,-108.20234,56013
42.28849,-104.52488,56015
43.82016,-108.18853,56017
43.71549,-106.60918,56019
41.09146,-104.93445,56021
41.96375,-110.54814,56023
43.09718,-106.38744,56025
43.20146,-104.67087,56027
44.5744,-110.51808,56029
42.0185,-105.14688,56031
44.84451,-106.83969,56033
43.13997,-110.38957,56035
42.23769,-107.56102,56037
43.51048,-110.46116,56039
41.00813,-110.63716,56041
43.98602,-108.14599,56043
43.7037,-104.43779,56045
18.18004,-66.75218,72001
18.36073,-67.17517,72003
18.45439,-67.12202,72005
18.24841,-66.13119,72007
18.12946,-66.26477,72009
18.29032,-67.12243,72011
18.40699,-66.70803,72013
17.99854,-66.05606,72015
18.44124,-66.55917,72017
18.20155,-66.30872,72019
18.32082,-66.17175,72021
17.99174,-67.15248,72023
18.21858,-66.04275,72025
18.419,-66.86033,72027
18.33114,-65.88722,72029
18.43649,-66.01699,72031
18.43904,-66.13928,72033
18.10652,-66.15258,72035
18.25365,-65.68306,72037
18.28904,-66.5151,72039
18.17681,-66.16055,72041
18.097,-66.36101,72043
18.22544,-66.22216,72045
18.3041,-66.32847,72047
18.31347,-65.29017,72049
18.43401,-66.2833,72051
18.31828,-65.66785,72053
18.34321,-66.58601,72054
17.96612,-66.94383,72055
18.00543,-66.13392,72057
18.0528,-66.79182,72059
18.41138,-66.12399,72061
18.26338,-65.97936,72063
18.41069,-66.79648,72065
18.13418,-67.11402,72067
18.16564,-65.75563,72069
18.46208,-67.01445,72071
18.21152,-66.5889,72073
18.05931,-66.50178,72075
18.22356,-65.90881,72077
18.01227,-67.04089,72079
18.18555,-66.83327,72081
18.23777,-66.98877,72083
18.18748,-65.86931,72085
18.43267,-65.90836,72087
18.34173,-65.7274,72089
18.42123,-66.49004,72091
18.16724,-66.93828,72093
18.01814,-65.92201,72095
18.16327,-67.36195,72097
18.3779,-67.08083,72099
18.31708,-66.4203,72101
18.2333,-65.76108,72103
18.2888,-66.25336,72105
18.21772,-66.42817,72107
18.03237,-66.01233,72109
18.06465,-66.71823,72111
18.01172,-66.55985,72113
18.43269,-66.92812,72115
18.3357,-67.23168,72117
18.34827,-65.8172,72119
18.07982,-66.94274,72121
17.96719,-66.22017,72123
18.10998,-67.0373,72125
18.46532,-66.10485,72127
18.1457,-65.97607,72129
18.33625,-66.97225,72131
17.99727,-66.38891,72133
18.36312,-66.2475,72135
18.43017,-66.20883,72137
18.33844,-65.9921,72139
18.26408,-66.71376,72141
18.40845,-66.33691,72143
18.42132,-66.40012,72145
18.12851,-65.44093,72147
18.13299,-66.47703,72149
18.07053,-65.89604,72151
18.06728,-66.85273,72153
